state,action,reward,total
1,0,0,0
2,0,0,0
3,0,0,0
4,0,0,0
5,0,2,0
1,1,2,2
1,1,2,4
1,1,2,6
1,0,2,8
1,1,2,10
1,1,2,12
1,1,0,14
2,0,0,14
3,0,2,14
1,1,2,16
1,1,2,18
1,0,0,20
2,0,0,20
3,0,2,20
1,0,0,22
2,0,2,22
1,1,2,24
1,1,0,26
2,0,2,26
1,1,2,28
1,1,0,30
2,0,0,30
3,0,0,30
4,0,0,30
5,0,2,30
1,1,2,32
1,1,2,34
1,1,0,36
2,0,2,36
1,1,2,38
1,1,2,40
1,1,2,42
1,1,2,44
1,0,0,46
2,0,0,46
3,0,2,46
1,1,2,48
1,1,2,50
1,0,0,52
2,0,0,52
3,0,0,52
4,0,2,52
1,0,2,54
1,0,0,56
2,0,0,56
3,0,0,56
4,0,2,56
1,1,2,58
1,1,2,60
1,0,0,62
2,0,0,62
3,0,0,62
4,0,2,62
1,1,0,64
2,0,0,64
3,0,2,64
1,1,2,66
1,1,2,68
1,1,2,70
1,0,0,72
2,1,2,72
1,0,0,74
2,1,2,74
1,1,2,76
1,1,2,78
1,1,2,80
1,1,2,82
1,1,2,84
1,1,2,86
1,1,2,88
1,1,2,90
1,1,2,92
1,1,2,94
1,1,2,96
1,1,2,98
1,1,2,100
1,1,2,102
1,1,2,104
1,1,2,106
1,1,2,108
1,1,2,110
1,1,2,112
1,1,2,114
1,1,2,116
1,1,2,118
1,1,2,120
1,1,0,122
2,1,2,122
1,1,2,124
1,1,2,126
1,1,2,128
1,1,2,130
1,1,2,132
1,1,2,134
1,0,0,136
2,1,2,136
1,1,2,138
1,1,2,140
1,1,0,142
2,1,2,142
1,1,2,144
1,1,2,146
1,1,0,148
2,1,2,148
1,1,2,150
1,0,0,152
2,1,2,152
1,1,2,154
1,1,2,156
1,1,2,158
1,1,2,160
1,1,2,162
1,1,0,164
2,1,2,164
1,1,2,166
1,1,2,168
1,1,0,170
2,1,2,170
1,1,2,172
1,1,2,174
1,0,0,176
2,1,0,176
3,0,0,176
4,0,0,176
5,0,10,176
5,0,10,186
5,0,10,196
5,0,10,206
5,0,10,216
5,0,2,226
1,0,0,228
2,1,2,228
1,0,0,230
2,1,2,230
1,0,0,232
2,1,0,232
3,0,2,232
1,1,2,234
1,1,0,236
2,1,0,236
3,0,0,236
4,0,0,236
5,0,2,236
1,1,0,238
2,0,0,238
3,0,2,238
1,1,2,240
1,1,2,242
1,1,2,244
1,1,2,246
1,0,2,248
1,1,2,250
1,0,0,252
2,1,2,252
1,0,0,254
2,1,2,254
1,0,0,256
2,1,2,256
1,1,0,258
2,1,2,258
1,1,0,260
2,1,2,260
1,1,2,262
1,1,2,264
1,1,2,266
1,0,0,268
2,1,2,268
1,1,2,270
1,1,2,272
1,1,2,274
1,1,2,276
1,1,2,278
1,0,0,280
2,1,0,280
3,0,0,280
4,0,0,280
5,0,10,280
5,0,10,290
5,0,10,300
5,0,10,310
5,0,2,320
1,1,2,322
1,1,2,324
1,0,2,326
1,1,2,328
1,0,0,330
2,0,0,330
3,0,0,330
4,0,0,330
5,0,10,330
5,0,10,340
5,0,10,350
5,0,10,360
5,0,10,370
5,0,2,380
1,0,0,382
2,0,0,382
3,0,0,382
4,0,0,382
5,0,10,382
5,0,10,392
5,0,10,402
5,0,2,412
1,0,2,414
1,0,0,416
2,1,2,416
1,1,0,418
2,0,0,418
3,0,2,418
1,0,0,420
2,1,2,420
1,0,0,422
2,1,2,422
1,0,2,424
1,1,0,426
2,1,2,426
1,0,0,428
2,0,0,428
3,0,0,428
4,0,2,428
1,0,0,430
2,0,0,430
3,0,0,430
4,0,0,430
5,0,2,430
1,0,2,432
1,1,2,434
1,1,2,436
1,1,2,438
1,1,2,440
1,0,0,442
2,1,2,442
1,0,2,444
1,1,0,446
2,0,0,446
3,0,0,446
4,0,0,446
5,0,10,446
5,0,10,456
5,0,10,466
5,0,10,476
5,1,2,486
1,1,2,488
1,1,2,490
1,0,0,492
2,1,2,492
1,0,0,494
2,1,2,494
1,0,0,496
2,1,2,496
1,1,2,498
1,0,0,500
2,0,0,500
3,0,0,500
4,0,0,500
5,0,10,500
5,0,10,510
5,1,2,520
1,0,0,522
2,1,2,522
1,0,0,524
2,0,0,524
3,0,0,524
4,0,0,524
5,0,10,524
5,0,10,534
5,0,10,544
5,0,10,554
5,0,10,564
5,0,2,574
1,0,0,576
2,1,2,576
1,1,2,578
1,1,2,580
1,0,0,582
2,1,2,582
1,1,0,584
2,1,2,584
1,1,2,586
1,1,2,588
1,0,0,590
2,1,2,590
1,0,0,592
2,1,2,592
1,0,0,594
2,1,0,594
3,0,0,594
4,1,2,594
1,0,2,596
1,0,0,598
2,0,0,598
3,0,0,598
4,0,0,598
5,0,2,598
1,0,2,600
1,0,2,602
1,0,0,604
2,1,0,604
3,0,0,604
4,0,0,604
5,1,2,604
1,0,0,606
2,0,0,606
3,0,0,606
4,0,2,606
1,0,2,608
1,0,0,610
2,0,0,610
3,0,0,610
4,0,0,610
5,0,10,610
5,0,10,620
5,0,10,630
5,1,2,640
1,0,0,642
2,0,2,642
1,0,0,644
2,0,2,644
1,1,2,646
1,0,0,648
2,1,2,648
1,1,2,650
1,0,0,652
2,0,2,652
1,0,0,654
2,0,2,654
1,1,2,656
1,1,2,658
1,1,2,660
1,1,2,662
1,0,0,664
2,1,2,664
1,0,0,666
2,0,0,666
3,0,0,666
4,0,0,666
5,0,10,666
5,0,10,676
5,0,10,686
5,1,2,696
1,0,0,698
2,0,0,698
3,0,0,698
4,0,2,698
1,0,0,700
2,0,0,700
3,1,2,700
1,0,0,702
2,0,0,702
3,0,0,702
4,0,0,702
5,0,10,702
5,0,10,712
5,0,10,722
5,1,2,732
1,0,0,734
2,0,0,734
3,1,2,734
1,0,2,736
1,0,2,738
1,0,2,740
1,1,2,742
1,0,0,744
2,0,0,744
3,0,0,744
4,1,2,744
1,0,2,746
1,1,2,748
1,1,2,750
1,1,2,752
1,0,2,754
1,0,0,756
2,1,0,756
3,0,0,756
4,0,0,756
5,0,10,756
5,0,10,766
5,0,10,776
5,1,2,786
1,0,0,788
2,1,2,788
1,0,2,790
1,0,0,792
2,0,0,792
3,0,0,792
4,0,2,792
1,0,0,794
2,0,2,794
1,1,0,796
2,0,2,796
1,0,2,798
1,0,0,800
2,0,0,800
3,0,0,800
4,0,2,800
1,0,0,802
2,0,0,802
3,0,0,802
4,0,0,802
5,0,10,802
5,0,10,812
5,0,10,822
5,1,2,832
1,0,0,834
2,0,0,834
3,0,0,834
4,0,2,834
1,0,0,836
2,0,0,836
3,1,2,836
1,1,2,838
1,1,0,840
2,0,0,840
3,0,0,840
4,0,0,840
5,0,10,840
5,0,10,850
5,0,10,860
5,0,2,870
1,0,0,872
2,0,0,872
3,1,2,872
1,0,0,874
2,1,2,874
1,0,0,876
2,0,2,876
1,0,0,878
2,0,0,878
3,0,2,878
1,0,0,880
2,0,0,880
3,0,2,880
1,0,0,882
2,0,2,882
1,0,0,884
2,0,0,884
3,0,0,884
4,0,0,884
5,0,2,884
1,0,2,886
1,0,0,888
2,0,0,888
3,0,0,888
4,0,0,888
5,0,10,888
5,0,10,898
5,0,10,908
5,0,10,918
5,0,10,928
5,0,10,938
5,0,10,948
5,0,10,958
5,0,10,968
5,0,2,978
1,0,0,980
2,0,0,980
3,1,0,980
4,0,0,980
5,0,2,980
1,0,0,982
2,0,2,982
1,0,0,984
2,0,0,984
3,0,0,984
4,0,0,984
5,0,10,984
5,0,2,994
1,0,0,996
2,0,0,996
3,0,0,996
4,1,0,996
5,0,10,996
5,0,2,1006
1,0,2,1008
1,0,0,1010
2,1,2,1010
1,0,0,1012
2,0,0,1012
3,0,0,1012
4,1,2,1012
1,0,0,1014
2,0,0,1014
3,0,2,1014
1,0,0,1016
2,0,0,1016
3,0,2,1016
1,0,2,1018
1,0,2,1020
1,0,0,1022
2,0,0,1022
3,0,0,1022
4,0,0,1022
5,0,10,1022
5,0,10,1032
5,0,10,1042
5,0,10,1052
5,1,2,1062
1,0,0,1064
2,0,0,1064
3,0,0,1064
4,1,2,1064
1,0,2,1066
1,0,2,1068
1,0,0,1070
2,0,0,1070
3,0,0,1070
4,0,0,1070
5,0,10,1070
5,0,10,1080
5,0,10,1090
5,0,10,1100
5,0,10,1110
5,0,10,1120
5,0,10,1130
5,0,10,1140
5,0,2,1150
1,0,2,1152
1,1,2,1154
1,0,0,1156
2,0,0,1156
3,0,0,1156
4,0,2,1156
1,0,0,1158
2,0,0,1158
3,0,2,1158
1,0,0,1160
2,0,0,1160
3,0,2,1160
1,1,2,1162
1,0,0,1164
2,0,0,1164
3,0,0,1164
4,0,0,1164
5,0,2,1164
1,0,0,1166
2,0,0,1166
3,1,2,1166
1,0,0,1168
2,1,2,1168
1,0,0,1170
2,0,0,1170
3,0,0,1170
4,1,2,1170
1,0,0,1172
2,0,2,1172
1,0,0,1174
2,0,2,1174
1,0,0,1176
2,0,2,1176
1,0,0,1178
2,0,2,1178
1,0,0,1180
2,0,2,1180
1,0,2,1182
1,0,0,1184
2,1,2,1184
1,0,0,1186
2,0,0,1186
3,0,0,1186
4,0,0,1186
5,0,10,1186
5,0,10,1196
5,0,10,1206
5,1,2,1216
1,1,0,1218
2,0,0,1218
3,0,0,1218
4,0,0,1218
5,1,10,1218
5,0,2,1228
1,0,2,1230
1,0,0,1232
2,0,0,1232
3,0,0,1232
4,0,0,1232
5,0,10,1232
5,0,10,1242
5,0,10,1252
5,0,10,1262
5,0,10,1272
5,0,10,1282
5,0,10,1292
5,1,2,1302
1,0,0,1304
2,0,2,1304
1,0,0,1306
2,0,0,1306
3,0,0,1306
4,0,0,1306
5,0,10,1306
5,0,10,1316
5,1,2,1326
1,0,0,1328
2,1,2,1328
1,0,0,1330
2,0,2,1330
1,0,0,1332
2,0,2,1332
1,0,2,1334
1,0,0,1336
2,0,0,1336
3,0,0,1336
4,0,0,1336
5,0,10,1336
5,0,2,1346
1,0,2,1348
1,0,2,1350
1,1,2,1352
1,0,2,1354
1,0,0,1356
2,0,2,1356
1,0,0,1358
2,0,0,1358
3,0,0,1358
4,0,0,1358
5,0,10,1358
5,0,10,1368
5,0,10,1378
5,0,10,1388
5,0,10,1398
5,0,10,1408
5,0,10,1418
5,0,10,1428
5,0,10,1438
5,0,10,1448
5,1,2,1458
1,0,0,1460
2,0,0,1460
3,0,0,1460
4,0,0,1460
5,0,10,1460
5,0,2,1470
1,1,0,1472
2,0,0,1472
3,0,0,1472
4,0,0,1472
5,0,10,1472
5,0,10,1482
5,0,2,1492
1,0,2,1494
1,0,0,1496
2,0,0,1496
3,0,0,1496
4,0,0,1496
5,0,10,1496
5,0,10,1506
5,1,2,1516
1,0,2,1518
1,0,0,1520
2,0,0,1520
3,0,0,1520
4,1,2,1520
1,0,2,1522
1,0,0,1524
2,0,0,1524
3,0,0,1524
4,0,0,1524
5,0,10,1524
5,0,2,1534
1,1,2,1536
1,0,0,1538
2,1,2,1538
1,0,0,1540
2,0,2,1540
1,0,0,1542
2,0,0,1542
3,0,0,1542
4,0,0,1542
5,0,2,1542
1,0,0,1544
2,0,0,1544
3,1,2,1544
1,1,0,1546
2,0,0,1546
3,1,2,1546
1,0,0,1548
2,1,2,1548
1,0,2,1550
1,1,2,1552
1,0,2,1554
1,0,0,1556
2,0,2,1556
1,0,2,1558
1,0,2,1560
1,0,0,1562
2,0,0,1562
3,0,0,1562
4,0,0,1562
5,0,2,1562
1,0,0,1564
2,0,2,1564
1,0,0,1566
2,0,0,1566
3,0,0,1566
4,0,2,1566
1,1,2,1568
1,0,0,1570
2,0,0,1570
3,0,2,1570
1,0,0,1572
2,0,0,1572
3,0,0,1572
4,0,0,1572
5,0,10,1572
5,0,2,1582
1,1,0,1584
2,1,2,1584
1,0,2,1586
1,0,0,1588
2,0,0,1588
3,0,0,1588
4,0,2,1588
1,0,0,1590
2,0,0,1590
3,0,0,1590
4,0,2,1590
1,0,0,1592
2,0,0,1592
3,0,0,1592
4,0,0,1592
5,0,10,1592
5,0,10,1602
5,0,2,1612
1,0,0,1614
2,1,2,1614
1,0,0,1616
2,0,0,1616
3,0,0,1616
4,0,0,1616
5,0,10,1616
5,0,10,1626
5,1,2,1636
1,0,0,1638
2,0,0,1638
3,0,0,1638
4,0,0,1638
5,0,10,1638
5,0,10,1648
5,0,10,1658
5,0,10,1668
5,0,10,1678
5,0,10,1688
5,0,10,1698
5,1,2,1708
1,0,0,1710
2,1,2,1710
1,0,2,1712
1,0,2,1714
1,0,0,1716
2,0,0,1716
3,0,2,1716
1,0,0,1718
2,0,2,1718
1,0,0,1720
2,0,0,1720
3,0,0,1720
4,1,2,1720
1,0,0,1722
2,0,0,1722
3,0,0,1722
4,0,0,1722
5,0,10,1722
5,0,10,1732
5,0,2,1742
1,0,0,1744
2,0,0,1744
3,0,0,1744
4,0,2,1744
1,0,0,1746
2,0,0,1746
3,0,0,1746
4,0,0,1746
5,0,2,1746
1,0,2,1748
1,0,0,1750
2,0,0,1750
3,0,0,1750
4,0,0,1750
5,0,10,1750
5,0,10,1760
5,0,10,1770
5,0,10,1780
5,1,2,1790
1,0,0,1792
2,0,2,1792
1,0,0,1794
2,0,0,1794
3,0,2,1794
1,0,0,1796
2,0,0,1796
3,0,0,1796
4,0,0,1796
5,0,10,1796
5,0,10,1806
5,0,2,1816
1,0,0,1818
2,0,2,1818
1,0,0,1820
2,0,0,1820
3,0,0,1820
4,0,0,1820
5,0,10,1820
5,0,10,1830
5,1,2,1840
1,0,0,1842
2,0,0,1842
3,0,0,1842
4,0,0,1842
5,0,10,1842
5,0,2,1852
1,0,2,1854
1,0,0,1856
2,0,0,1856
3,0,0,1856
4,0,0,1856
5,1,2,1856
1,0,0,1858
2,0,2,1858
1,0,0,1860
2,0,0,1860
3,0,0,1860
4,0,0,1860
5,0,10,1860
5,0,10,1870
5,0,2,1880
1,0,0,1882
2,1,2,1882
1,0,2,1884
1,0,2,1886
1,0,2,1888
1,0,0,1890
2,0,0,1890
3,0,0,1890
4,0,0,1890
5,0,10,1890
5,0,10,1900
5,0,10,1910
5,0,2,1920
1,0,0,1922
2,0,0,1922
3,0,0,1922
4,0,0,1922
5,0,10,1922
5,0,10,1932
5,0,10,1942
5,0,10,1952
5,0,10,1962
5,0,10,1972
5,0,10,1982
5,0,10,1992
5,0,10,2002
5,0,2,2012
1,0,0,2014
2,0,0,2014
3,1,2,2014
1,0,0,2016
2,0,0,2016
3,0,0,2016
4,0,0,2016
5,0,10,2016
5,0,10,2026
5,0,2,2036
1,1,2,2038
1,0,0,2040
2,0,0,2040
3,0,0,2040
4,1,2,2040
1,0,0,2042
2,1,0,2042
3,0,0,2042
4,0,0,2042
5,0,2,2042
1,0,0,2044
2,0,0,2044
3,0,0,2044
4,0,0,2044
5,0,10,2044
5,0,10,2054
5,0,10,2064
5,0,10,2074
5,0,10,2084
5,0,10,2094
5,0,2,2104
1,0,0,2106
2,0,0,2106
3,1,2,2106
1,1,0,2108
2,0,2,2108
1,0,0,2110
2,0,0,2110
3,0,2,2110
1,0,0,2112
2,0,2,2112
1,0,0,2114
2,0,0,2114
3,0,0,2114
4,0,0,2114
5,0,10,2114
5,0,10,2124
5,0,2,2134
1,0,0,2136
2,0,0,2136
3,0,0,2136
4,0,0,2136
5,0,10,2136
5,0,2,2146
1,0,0,2148
2,0,2,2148
1,0,0,2150
2,0,0,2150
3,0,0,2150
4,0,0,2150
5,0,10,2150
5,1,2,2160
1,0,0,2162
2,1,0,2162
3,0,0,2162
4,0,2,2162
1,0,0,2164
2,0,2,2164
1,0,0,2166
2,0,0,2166
3,0,2,2166
1,1,2,2168
1,0,0,2170
2,0,0,2170
3,0,0,2170
4,1,0,2170
5,0,10,2170
5,0,2,2180
1,0,0,2182
2,0,0,2182
3,0,2,2182
1,0,0,2184
2,1,2,2184
1,0,0,2186
2,0,0,2186
3,0,0,2186
4,0,0,2186
5,0,10,2186
5,0,10,2196
5,0,10,2206
5,0,10,2216
5,0,10,2226
5,0,10,2236
5,0,10,2246
5,0,10,2256
5,0,10,2266
5,0,10,2276
5,1,2,2286
1,0,0,2288
2,0,0,2288
3,0,0,2288
4,0,0,2288
5,0,2,2288
1,0,0,2290
2,0,0,2290
3,0,0,2290
4,0,0,2290
5,0,10,2290
5,0,10,2300
5,0,10,2310
5,1,2,2320
1,0,0,2322
2,0,0,2322
3,0,0,2322
4,0,0,2322
5,0,2,2322
1,0,0,2324
2,0,2,2324
1,0,0,2326
2,0,0,2326
3,0,0,2326
4,0,0,2326
5,0,10,2326
5,0,2,2336
1,0,0,2338
2,0,0,2338
3,0,0,2338
4,0,0,2338
5,0,10,2338
5,0,2,2348
1,0,2,2350
1,0,0,2352
2,0,2,2352
1,0,0,2354
2,0,0,2354
3,0,0,2354
4,0,2,2354
1,0,2,2356
1,0,0,2358
2,0,0,2358
3,0,0,2358
4,0,0,2358
5,0,10,2358
5,0,10,2368
5,0,10,2378
5,0,10,2388
5,0,10,2398
5,0,2,2408
1,1,2,2410
1,0,0,2412
2,0,0,2412
3,0,0,2412
4,0,0,2412
5,0,2,2412
1,0,0,2414
2,0,0,2414
3,0,0,2414
4,0,0,2414
5,0,10,2414
5,0,10,2424
5,0,10,2434
5,0,10,2444
5,0,10,2454
5,1,2,2464
1,0,0,2466
2,0,0,2466
3,0,0,2466
4,0,0,2466
5,0,10,2466
5,0,2,2476
1,0,2,2478
1,0,2,2480
1,0,0,2482
2,0,0,2482
3,0,0,2482
4,0,0,2482
5,1,2,2482
1,0,0,2484
2,0,0,2484
3,0,0,2484
4,0,0,2484
5,0,10,2484
5,0,10,2494
5,0,10,2504
5,0,10,2514
5,0,2,2524
1,0,0,2526
2,0,2,2526
1,1,0,2528
2,0,0,2528
3,0,0,2528
4,0,2,2528
1,0,0,2530
2,0,0,2530
3,0,0,2530
4,0,0,2530
5,0,10,2530
5,0,10,2540
5,0,10,2550
5,0,10,2560
5,0,2,2570
1,0,0,2572
2,0,0,2572
3,0,0,2572
4,0,0,2572
5,0,10,2572
5,0,10,2582
5,0,10,2592
5,0,10,2602
5,0,10,2612
5,0,10,2622
5,0,10,2632
5,0,10,2642
5,0,10,2652
5,0,10,2662
5,1,10,2672
5,0,2,2682
1,0,0,2684
2,1,2,2684
1,0,0,2686
2,0,0,2686
3,0,0,2686
4,0,0,2686
5,0,10,2686
5,0,2,2696
1,0,0,2698
2,0,0,2698
3,0,0,2698
4,0,2,2698
1,0,2,2700
1,1,2,2702
1,0,0,2704
2,1,2,2704
1,0,0,2706
2,0,0,2706
3,0,0,2706
4,0,2,2706
1,0,0,2708
2,0,0,2708
3,0,0,2708
4,0,2,2708
1,0,0,2710
2,0,0,2710
3,0,0,2710
4,0,0,2710
5,0,10,2710
5,1,2,2720
1,0,0,2722
2,0,0,2722
3,0,2,2722
1,0,0,2724
2,0,0,2724
3,0,0,2724
4,0,0,2724
5,0,10,2724
5,0,2,2734
1,0,0,2736
2,0,0,2736
3,0,0,2736
4,0,0,2736
5,1,2,2736
1,0,0,2738
2,0,2,2738
1,0,0,2740
2,0,0,2740
3,0,0,2740
4,1,2,2740
1,0,2,2742
1,0,0,2744
2,1,2,2744
1,0,0,2746
2,0,0,2746
3,0,0,2746
4,0,0,2746
5,0,10,2746
5,0,10,2756
5,0,2,2766
1,0,0,2768
2,0,0,2768
3,0,0,2768
4,0,0,2768
5,0,2,2768
1,0,0,2770
2,0,0,2770
3,0,0,2770
4,0,0,2770
5,0,10,2770
5,0,10,2780
5,0,10,2790
5,0,2,2800
1,0,0,2802
2,0,2,2802
1,0,2,2804
1,0,0,2806
2,0,0,2806
3,0,0,2806
4,0,2,2806
1,0,0,2808
2,0,0,2808
3,0,2,2808
1,0,0,2810
2,1,2,2810
1,0,0,2812
2,0,0,2812
3,0,0,2812
4,0,0,2812
5,1,2,2812
1,0,0,2814
2,0,2,2814
1,0,0,2816
2,0,0,2816
3,0,0,2816
4,0,0,2816
5,0,10,2816
5,0,10,2826
5,0,10,2836
5,0,2,2846
1,0,0,2848
2,0,0,2848
3,0,0,2848
4,0,0,2848
5,0,10,2848
5,1,2,2858
1,0,2,2860
1,0,0,2862
2,0,0,2862
3,0,2,2862
1,0,2,2864
1,1,2,2866
1,0,0,2868
2,0,0,2868
3,0,0,2868
4,0,0,2868
5,0,10,2868
5,0,10,2878
5,0,10,2888
5,0,10,2898
5,0,10,2908
5,0,2,2918
1,0,0,2920
2,0,0,2920
3,1,2,2920
1,0,0,2922
2,0,0,2922
3,0,2,2922
1,1,2,2924
1,0,0,2926
2,0,2,2926
1,0,0,2928
2,0,0,2928
3,1,2,2928
1,0,0,2930
2,0,0,2930
3,0,0,2930
4,0,0,2930
5,0,10,2930
5,0,10,2940
5,1,10,2950
5,0,10,2960
5,0,10,2970
5,0,10,2980
5,0,10,2990
5,0,10,3000
5,0,10,3010
5,0,10,3020
5,1,2,3030
1,1,0,3032
2,0,0,3032
3,0,0,3032
4,0,0,3032
5,0,2,3032
1,0,0,3034
2,0,0,3034
3,0,0,3034
4,0,0,3034
5,0,10,3034
5,0,10,3044
5,0,10,3054
5,0,10,3064
5,0,10,3074
5,0,10,3084
5,0,10,3094
5,0,2,3104
1,0,0,3106
2,0,0,3106
3,0,2,3106
1,0,0,3108
2,0,0,3108
3,0,0,3108
4,0,0,3108
5,0,10,3108
5,0,10,3118
5,0,10,3128
5,0,10,3138
5,1,2,3148
1,0,0,3150
2,0,2,3150
1,0,0,3152
2,0,2,3152
1,0,0,3154
2,1,2,3154
1,0,0,3156
2,0,2,3156
1,0,0,3158
2,0,2,3158
1,0,2,3160
1,0,0,3162
2,0,2,3162
1,0,0,3164
2,0,2,3164
1,0,0,3166
2,0,0,3166
3,0,2,3166
1,0,0,3168
2,1,2,3168
1,1,2,3170
1,0,0,3172
2,0,0,3172
3,0,0,3172
4,0,0,3172
5,0,10,3172
5,0,10,3182
5,0,2,3192
1,0,0,3194
2,0,0,3194
3,0,2,3194
1,1,2,3196
1,0,0,3198
2,0,0,3198
3,1,0,3198
4,0,0,3198
5,0,2,3198
1,0,0,3200
2,0,0,3200
3,0,0,3200
4,0,0,3200
5,0,2,3200
1,0,0,3202
2,0,0,3202
3,0,0,3202
4,0,0,3202
5,0,10,3202
5,0,10,3212
5,0,10,3222
5,0,10,3232
5,0,2,3242
1,0,0,3244
2,0,0,3244
3,0,2,3244
1,0,0,3246
2,0,0,3246
3,0,0,3246
4,0,0,3246
5,0,10,3246
5,0,10,3256
5,0,10,3266
5,0,10,3276
5,0,10,3286
5,0,10,3296
5,0,2,3306
1,0,0,3308
2,0,2,3308
1,0,0,3310
2,0,0,3310
3,0,0,3310
4,0,0,3310
5,0,10,3310
5,0,10,3320
5,1,2,3330
1,0,0,3332
2,0,0,3332
3,0,0,3332
4,0,0,3332
5,0,2,3332
1,0,0,3334
2,0,0,3334
3,0,0,3334
4,0,0,3334
5,0,10,3334
5,0,10,3344
5,0,10,3354
5,0,10,3364
5,0,10,3374
5,0,10,3384
5,1,2,3394
1,1,0,3396
2,1,2,3396
1,0,0,3398
2,0,0,3398
3,0,0,3398
4,0,0,3398
5,0,10,3398
5,0,10,3408
5,0,10,3418
5,0,2,3428
1,0,0,3430
2,0,0,3430
3,0,2,3430
1,0,0,3432
2,0,0,3432
3,0,0,3432
4,0,0,3432
5,0,2,3432
1,0,0,3434
2,0,0,3434
3,0,2,3434
1,0,0,3436
2,0,0,3436
3,0,0,3436
4,0,0,3436
5,0,10,3436
5,0,10,3446
5,0,10,3456
5,0,10,3466
5,0,10,3476
5,0,10,3486
5,0,10,3496
5,0,10,3506
5,0,10,3516
5,0,10,3526
5,0,10,3536
5,0,10,3546
5,0,10,3556
5,0,10,3566
5,0,2,3576
1,0,0,3578
2,0,0,3578
3,0,0,3578
4,0,2,3578
1,0,0,3580
2,0,0,3580
3,0,0,3580
4,0,0,3580
5,0,10,3580
5,0,2,3590
1,0,0,3592
2,0,0,3592
3,0,0,3592
4,1,2,3592
1,1,2,3594
1,0,0,3596
2,0,0,3596
3,0,0,3596
4,0,0,3596
5,0,10,3596
5,0,10,3606
5,0,10,3616
5,0,10,3626
5,0,10,3636
5,0,2,3646
1,0,0,3648
2,0,0,3648
3,0,2,3648
1,0,0,3650
2,0,2,3650
1,0,0,3652
2,0,0,3652
3,0,0,3652
4,0,0,3652
5,0,10,3652
5,0,2,3662
1,0,2,3664
1,0,0,3666
2,0,0,3666
3,0,0,3666
4,1,2,3666
1,0,2,3668
1,1,2,3670
1,0,0,3672
2,0,0,3672
3,0,0,3672
4,0,0,3672
5,0,10,3672
5,0,2,3682
1,0,0,3684
2,0,0,3684
3,0,0,3684
4,0,0,3684
5,0,10,3684
5,0,10,3694
5,0,10,3704
5,0,10,3714
5,0,10,3724
5,0,10,3734
5,0,2,3744
1,1,2,3746
1,0,0,3748
2,0,0,3748
3,0,0,3748
4,0,0,3748
5,0,10,3748
5,0,2,3758
1,1,2,3760
1,0,0,3762
2,0,2,3762
1,0,0,3764
2,0,2,3764
1,0,0,3766
2,0,0,3766
3,0,0,3766
4,1,2,3766
1,0,0,3768
2,0,2,3768
1,0,0,3770
2,0,0,3770
3,0,0,3770
4,0,0,3770
5,1,10,3770
5,0,10,3780
5,0,10,3790
5,0,10,3800
5,1,2,3810
1,0,0,3812
2,0,0,3812
3,0,2,3812
1,0,0,3814
2,0,0,3814
3,0,0,3814
4,0,0,3814
5,0,10,3814
5,0,10,3824
5,0,10,3834
5,1,2,3844
1,0,0,3846
2,0,0,3846
3,1,2,3846
1,0,0,3848
2,0,0,3848
3,0,0,3848
4,0,0,3848
5,0,10,3848
5,0,10,3858
5,0,10,3868
5,0,10,3878
5,0,10,3888
5,0,2,3898
1,0,0,3900
2,0,0,3900
3,0,0,3900
4,0,0,3900
5,0,10,3900
5,0,10,3910
5,0,10,3920
5,0,2,3930
1,0,2,3932
1,0,2,3934
1,0,0,3936
2,0,0,3936
3,0,0,3936
4,1,2,3936
1,0,0,3938
2,0,2,3938
1,0,0,3940
2,0,2,3940
1,0,0,3942
2,0,0,3942
3,0,0,3942
4,0,0,3942
5,0,10,3942
5,0,10,3952
5,0,2,3962
1,1,2,3964
1,0,0,3966
2,0,0,3966
3,0,0,3966
4,0,0,3966
5,0,10,3966
5,0,10,3976
5,0,2,3986
1,0,0,3988
2,0,0,3988
3,0,0,3988
4,0,0,3988
5,0,10,3988
5,0,10,3998
5,0,10,4008
5,0,10,4018
5,0,10,4028
5,0,10,4038
5,1,2,4048
1,0,2,4050
1,0,0,4052
2,0,0,4052
3,0,0,4052
4,0,0,4052
5,1,2,4052
1,0,0,4054
2,0,0,4054
3,0,0,4054
4,0,0,4054
5,0,10,4054
5,0,10,4064
5,0,2,4074
1,0,0,4076
2,0,0,4076
3,0,2,4076
1,0,2,4078
1,0,0,4080
2,0,0,4080
3,0,0,4080
4,0,0,4080
5,0,10,4080
5,1,2,4090
1,0,0,4092
2,0,0,4092
3,0,2,4092
1,0,0,4094
2,0,0,4094
3,0,0,4094
4,0,0,4094
5,0,2,4094
1,0,0,4096
2,0,0,4096
3,0,2,4096
1,0,0,4098
2,0,0,4098
3,0,0,4098
4,1,2,4098
1,0,0,4100
2,0,2,4100
1,0,0,4102
2,0,0,4102
3,0,0,4102
4,0,0,4102
5,0,10,4102
5,0,2,4112
1,0,0,4114
2,0,0,4114
3,0,0,4114
4,0,0,4114
5,0,2,4114
1,0,0,4116
2,0,0,4116
3,0,2,4116
1,0,0,4118
2,0,0,4118
3,0,0,4118
4,1,2,4118
1,0,0,4120
2,0,0,4120
3,0,0,4120
4,0,0,4120
5,0,10,4120
5,0,10,4130
5,0,10,4140
5,0,10,4150
5,0,2,4160
1,0,0,4162
2,0,0,4162
3,0,0,4162
4,0,0,4162
5,0,10,4162
5,0,10,4172
5,0,2,4182
1,0,0,4184
2,0,0,4184
3,0,0,4184
4,0,0,4184
5,0,10,4184
5,0,2,4194
1,0,0,4196
2,1,2,4196
1,0,0,4198
2,0,0,4198
3,0,0,4198
4,0,0,4198
5,0,2,4198
1,0,0,4200
2,1,0,4200
3,0,0,4200
4,0,2,4200
1,0,0,4202
2,0,0,4202
3,0,2,4202
1,0,2,4204
1,0,0,4206
2,0,0,4206
3,0,0,4206
4,0,0,4206
5,0,10,4206
5,1,2,4216
1,0,0,4218
2,0,0,4218
3,0,0,4218
4,0,0,4218
5,0,10,4218
5,0,10,4228
5,0,10,4238
5,0,2,4248
1,0,2,4250
1,0,0,4252
2,0,0,4252
3,0,0,4252
4,0,0,4252
5,0,10,4252
5,0,10,4262
5,0,10,4272
5,0,10,4282
5,0,10,4292
5,0,10,4302
5,0,10,4312
5,0,10,4322
5,1,2,4332
1,1,2,4334
1,0,2,4336
1,0,0,4338
2,0,0,4338
3,0,2,4338
1,0,0,4340
2,0,0,4340
3,0,0,4340
4,0,0,4340
5,0,10,4340
5,0,10,4350
5,0,10,4360
5,0,10,4370
5,0,2,4380
1,0,0,4382
2,0,0,4382
3,0,2,4382
1,0,0,4384
2,0,0,4384
3,0,0,4384
4,1,2,4384
1,0,0,4386
2,0,2,4386
1,0,0,4388
2,0,0,4388
3,0,2,4388
1,0,0,4390
2,0,0,4390
3,0,0,4390
4,0,0,4390
5,0,10,4390
5,0,10,4400
5,0,2,4410
1,0,0,4412
2,1,2,4412
1,1,0,4414
2,0,0,4414
3,0,0,4414
4,0,2,4414
1,0,0,4416
2,0,2,4416
1,0,0,4418
2,1,2,4418
1,0,0,4420
2,1,2,4420
1,0,0,4422
2,0,0,4422
3,0,2,4422
1,0,2,4424
1,1,0,4426
2,0,0,4426
3,0,0,4426
4,0,0,4426
5,0,2,4426
1,1,0,4428
2,0,0,4428
3,0,0,4428
4,0,0,4428
5,0,10,4428
5,0,10,4438
5,0,10,4448
5,0,10,4458
5,0,10,4468
5,0,10,4478
5,0,2,4488
1,0,0,4490
2,0,2,4490
1,0,0,4492
2,0,0,4492
3,0,0,4492
4,0,0,4492
5,1,2,4492
1,1,2,4494
1,1,2,4496
1,1,2,4498
1,0,0,4500
2,0,0,4500
3,0,2,4500
1,1,2,4502
1,1,2,4504
1,0,0,4506
2,0,0,4506
3,0,2,4506
1,0,2,4508
1,0,0,4510
2,1,2,4510
1,1,0,4512
2,0,2,4512
1,0,0,4514
2,0,0,4514
3,0,0,4514
4,0,0,4514
5,0,10,4514
5,0,10,4524
5,0,10,4534
5,0,2,4544
1,0,0,4546
2,0,0,4546
3,0,0,4546
4,0,0,4546
5,0,10,4546
5,0,2,4556
1,0,0,4558
2,0,0,4558
3,0,0,4558
4,0,0,4558
5,0,10,4558
5,0,10,4568
5,0,2,4578
1,0,2,4580
1,0,0,4582
2,0,0,4582
3,0,2,4582
1,0,0,4584
2,0,0,4584
3,1,2,4584
1,0,0,4586
2,0,0,4586
3,0,0,4586
4,0,0,4586
5,0,10,4586
5,0,10,4596
5,1,2,4606
1,0,0,4608
2,0,0,4608
3,0,0,4608
4,0,2,4608
1,0,0,4610
2,0,0,4610
3,0,0,4610
4,0,0,4610
5,0,2,4610
1,0,0,4612
2,0,2,4612
1,0,0,4614
2,1,2,4614
1,0,0,4616
2,1,2,4616
1,0,0,4618
2,1,0,4618
3,0,2,4618
1,0,2,4620
1,0,0,4622
2,0,2,4622
1,0,0,4624
2,0,0,4624
3,0,0,4624
4,0,0,4624
5,0,10,4624
5,0,10,4634
5,0,10,4644
5,0,10,4654
5,1,10,4664
5,0,2,4674
1,0,0,4676
2,0,0,4676
3,0,0,4676
4,0,0,4676
5,0,10,4676
5,0,10,4686
5,1,2,4696
1,0,0,4698
2,0,0,4698
3,0,0,4698
4,0,0,4698
5,0,10,4698
5,0,10,4708
5,0,10,4718
5,0,10,4728
5,0,10,4738
5,0,2,4748
1,0,2,4750
1,0,2,4752
1,0,0,4754
2,0,2,4754
1,0,2,4756
1,0,0,4758
2,0,0,4758
3,1,2,4758
1,0,0,4760
2,0,2,4760
1,0,0,4762
2,1,2,4762
1,0,0,4764
2,0,0,4764
3,1,2,4764
1,0,2,4766
1,0,2,4768
1,0,0,4770
2,0,2,4770
1,0,0,4772
2,0,0,4772
3,0,0,4772
4,0,0,4772
5,0,10,4772
5,0,10,4782
5,0,10,4792
5,1,2,4802
1,0,0,4804
2,0,0,4804
3,0,2,4804
1,0,0,4806
2,0,0,4806
3,0,0,4806
4,0,0,4806
5,1,2,4806
1,1,2,4808
1,0,2,4810
1,0,0,4812
2,0,0,4812
3,1,2,4812
1,0,0,4814
2,0,0,4814
3,0,2,4814
1,0,0,4816
2,0,0,4816
3,0,0,4816
4,0,0,4816
5,0,10,4816
5,0,10,4826
5,0,10,4836
5,1,2,4846
1,0,0,4848
2,0,0,4848
3,0,0,4848
4,0,0,4848
5,0,10,4848
5,0,10,4858
5,0,2,4868
1,0,2,4870
1,0,2,4872
1,0,0,4874
2,0,0,4874
3,0,2,4874
1,0,2,4876
1,0,0,4878
2,0,2,4878
1,0,0,4880
2,0,2,4880
1,0,0,4882
2,0,0,4882
3,0,0,4882
4,0,0,4882
5,0,10,4882
5,0,2,4892
1,0,0,4894
2,0,0,4894
3,1,2,4894
1,0,0,4896
2,0,2,4896
1,0,0,4898
2,0,0,4898
3,0,0,4898
4,0,0,4898
5,1,2,4898
1,0,2,4900
1,0,0,4902
2,0,2,4902
1,0,0,4904
2,0,0,4904
3,0,0,4904
4,0,0,4904
5,0,10,4904
5,0,10,4914
5,0,10,4924
5,0,10,4934
5,0,10,4944
5,0,2,4954
1,0,0,4956
2,0,2,4956
1,0,0,4958
2,1,0,4958
3,0,0,4958
4,0,0,4958
5,0,10,4958
5,0,10,4968
5,0,10,4978
5,0,10,4988
5,0,10,4998
5,0,10,5008
5,0,10,5018
5,0,10,5028
5,1,2,5038
1,0,0,5040
2,0,2,5040
1,0,2,5042
1,0,0,5044
2,0,0,5044
3,1,2,5044
1,0,0,5046
2,0,0,5046
3,1,2,5046
1,0,0,5048
2,1,2,5048
1,0,0,5050
2,0,0,5050
3,0,0,5050
4,0,0,5050
5,0,10,5050
5,0,10,5060
5,0,10,5070
5,0,10,5080
5,0,10,5090
5,0,10,5100
5,1,2,5110
1,0,0,5112
2,1,0,5112
3,0,0,5112
4,0,0,5112
5,0,10,5112
5,0,10,5122
5,0,10,5132
5,0,2,5142
1,0,2,5144
1,0,0,5146
2,0,2,5146
1,0,2,5148
1,0,0,5150
2,0,0,5150
3,1,2,5150
1,0,0,5152
2,0,0,5152
3,0,0,5152
4,0,0,5152
5,0,10,5152
5,0,10,5162
5,0,10,5172
5,0,2,5182
1,0,2,5184
1,0,0,5186
2,1,2,5186
1,0,0,5188
2,0,0,5188
3,0,0,5188
4,0,2,5188
1,0,0,5190
2,0,0,5190
3,0,0,5190
4,1,0,5190
5,0,10,5190
5,0,10,5200
5,0,2,5210
1,0,0,5212
2,0,2,5212
1,0,0,5214
2,0,0,5214
3,0,0,5214
4,0,0,5214
5,0,10,5214
5,0,2,5224
1,1,2,5226
1,0,0,5228
2,0,0,5228
3,0,0,5228
4,0,2,5228
1,0,0,5230
2,0,0,5230
3,0,0,5230
4,0,0,5230
5,0,10,5230
5,0,10,5240
5,0,10,5250
5,0,10,5260
5,0,2,5270
1,0,0,5272
2,0,2,5272
1,0,0,5274
2,0,0,5274
3,1,2,5274
1,0,0,5276
2,0,0,5276
3,0,2,5276
1,0,2,5278
1,0,0,5280
2,0,2,5280
1,0,0,5282
2,0,0,5282
3,0,0,5282
4,1,0,5282
5,0,10,5282
5,0,10,5292
5,0,10,5302
5,0,10,5312
5,0,10,5322
5,0,2,5332
1,0,0,5334
2,0,0,5334
3,0,0,5334
4,0,0,5334
5,1,2,5334
1,0,0,5336
2,0,0,5336
3,0,0,5336
4,0,0,5336
5,1,10,5336
5,0,10,5346
5,0,10,5356
5,0,10,5366
5,0,10,5376
5,0,10,5386
5,0,10,5396
5,0,10,5406
5,0,10,5416
5,0,2,5426
1,0,0,5428
2,0,2,5428
1,0,0,5430
2,0,0,5430
3,0,0,5430
4,0,0,5430
5,0,10,5430
5,0,10,5440
5,1,2,5450
1,0,0,5452
2,0,0,5452
3,0,0,5452
4,0,0,5452
5,0,2,5452
1,0,0,5454
2,0,0,5454
3,0,0,5454
4,0,0,5454
5,0,2,5454
1,0,0,5456
2,0,2,5456
1,0,0,5458
2,0,0,5458
3,0,0,5458
4,0,0,5458
5,0,10,5458
5,0,10,5468
5,0,10,5478
5,0,2,5488
1,0,0,5490
2,0,2,5490
1,0,2,5492
1,0,0,5494
2,0,0,5494
3,1,0,5494
4,0,0,5494
5,0,2,5494
1,0,2,5496
1,1,2,5498
1,0,2,5500
1,0,0,5502
2,0,0,5502
3,0,0,5502
4,0,0,5502
5,0,2,5502
1,0,0,5504
2,0,0,5504
3,0,0,5504
4,0,0,5504
5,0,10,5504
5,0,2,5514
1,0,0,5516
2,1,2,5516
1,0,2,5518
1,1,2,5520
1,0,0,5522
2,0,0,5522
3,1,0,5522
4,0,0,5522
5,1,2,5522
1,0,2,5524
1,1,2,5526
1,1,2,5528
1,0,2,5530
1,0,0,5532
2,0,0,5532
3,0,2,5532
1,0,0,5534
2,0,0,5534
3,0,0,5534
4,0,2,5534
1,0,2,5536
1,1,2,5538
1,1,2,5540
1,1,2,5542
1,0,0,5544
2,0,0,5544
3,0,0,5544
4,0,0,5544
5,0,10,5544
5,0,10,5554
5,0,2,5564
1,0,2,5566
1,0,0,5568
2,0,0,5568
3,0,0,5568
4,1,0,5568
5,0,2,5568
1,0,0,5570
2,0,0,5570
3,0,0,5570
4,0,2,5570
1,0,0,5572
2,0,0,5572
3,0,2,5572
1,0,0,5574
2,0,2,5574
1,0,0,5576
2,0,0,5576
3,0,0,5576
4,0,0,5576
5,0,10,5576
5,0,10,5586
5,0,10,5596
5,0,10,5606
5,0,10,5616
5,1,10,5626
5,0,10,5636
5,0,10,5646
5,0,2,5656
1,0,2,5658
1,0,0,5660
2,1,0,5660
3,0,0,5660
4,0,0,5660
5,0,10,5660
5,0,10,5670
5,0,10,5680
5,0,10,5690
5,0,10,5700
5,0,10,5710
5,0,10,5720
5,0,2,5730
1,0,0,5732
2,0,0,5732
3,0,0,5732
4,0,0,5732
5,0,10,5732
5,0,10,5742
5,0,10,5752
5,0,10,5762
5,0,10,5772
5,0,10,5782
5,0,10,5792
5,0,10,5802
5,0,10,5812
5,1,2,5822
1,0,2,5824
1,0,0,5826
2,0,0,5826
3,0,0,5826
4,0,0,5826
5,0,2,5826
1,0,0,5828
2,0,0,5828
3,0,0,5828
4,0,0,5828
5,0,2,5828
1,1,2,5830
1,1,2,5832
1,0,0,5834
2,0,0,5834
3,0,0,5834
4,1,2,5834
1,0,0,5836
2,0,2,5836
1,0,0,5838
2,0,0,5838
3,0,0,5838
4,0,2,5838
1,0,0,5840
2,0,0,5840
3,0,0,5840
4,0,2,5840
1,1,0,5842
2,0,0,5842
3,0,2,5842
1,0,0,5844
2,0,0,5844
3,0,2,5844
1,0,0,5846
2,1,2,5846
1,0,0,5848
2,0,0,5848
3,0,0,5848
4,0,0,5848
5,0,10,5848
5,1,2,5858
1,0,0,5860
2,0,0,5860
3,0,0,5860
4,0,0,5860
5,0,10,5860
5,0,10,5870
5,0,10,5880
5,1,2,5890
1,0,0,5892
2,0,0,5892
3,0,0,5892
4,0,0,5892
5,0,2,5892
1,0,2,5894
1,0,2,5896
1,1,2,5898
1,0,0,5900
2,0,0,5900
3,0,0,5900
4,0,0,5900
5,0,10,5900
5,0,10,5910
5,0,10,5920
5,0,10,5930
5,0,2,5940
1,1,2,5942
1,1,2,5944
1,1,2,5946
1,0,0,5948
2,0,0,5948
3,0,2,5948
1,0,0,5950
2,0,2,5950
1,0,0,5952
2,0,0,5952
3,1,2,5952
1,0,0,5954
2,0,0,5954
3,0,0,5954
4,0,0,5954
5,0,10,5954
5,0,10,5964
5,0,2,5974
1,0,0,5976
2,0,0,5976
3,0,2,5976
1,0,2,5978
1,0,0,5980
2,0,0,5980
3,0,0,5980
4,0,0,5980
5,0,10,5980
5,1,10,5990
5,0,2,6000
1,0,0,6002
2,0,0,6002
3,0,2,6002
1,0,0,6004
2,0,0,6004
3,0,2,6004
1,0,0,6006
2,0,0,6006
3,1,0,6006
4,0,0,6006
5,0,10,6006
5,1,2,6016
1,0,0,6018
2,1,2,6018
1,0,0,6020
2,1,2,6020
1,0,0,6022
2,0,0,6022
3,0,2,6022
1,0,0,6024
2,0,0,6024
3,0,0,6024
4,0,0,6024
5,0,10,6024
5,1,2,6034
1,0,0,6036
2,0,0,6036
3,0,0,6036
4,0,0,6036
5,0,2,6036
1,0,0,6038
2,1,2,6038
1,0,0,6040
2,0,2,6040
1,0,0,6042
2,1,2,6042
1,0,0,6044
2,0,0,6044
3,0,0,6044
4,0,0,6044
5,0,10,6044
5,0,10,6054
5,1,2,6064
1,1,2,6066
1,1,2,6068
1,1,2,6070
1,0,2,6072
1,0,0,6074
2,1,2,6074
1,0,0,6076
2,0,0,6076
3,0,2,6076
1,0,0,6078
2,0,2,6078
1,0,0,6080
2,0,0,6080
3,0,0,6080
4,0,0,6080
5,0,10,6080
5,0,10,6090
5,0,2,6100
1,0,2,6102
1,0,0,6104
2,0,2,6104
1,0,0,6106
2,0,0,6106
3,0,0,6106
4,0,0,6106
5,0,10,6106
5,0,10,6116
5,1,2,6126
1,0,0,6128
2,0,0,6128
3,0,0,6128
4,0,2,6128
1,0,0,6130
2,1,0,6130
3,0,0,6130
4,0,0,6130
5,1,2,6130
1,0,0,6132
2,0,0,6132
3,0,0,6132
4,0,0,6132
5,0,2,6132
1,0,0,6134
2,0,0,6134
3,0,2,6134
1,0,0,6136
2,0,0,6136
3,0,0,6136
4,0,2,6136
1,0,0,6138
2,0,2,6138
1,0,2,6140
1,0,0,6142
2,0,0,6142
3,1,0,6142
4,0,0,6142
5,0,10,6142
5,0,10,6152
5,0,10,6162
5,0,10,6172
5,0,10,6182
5,0,2,6192
1,0,0,6194
2,0,2,6194
1,0,0,6196
2,0,0,6196
3,0,0,6196
4,0,0,6196
5,0,2,6196
1,0,0,6198
2,0,2,6198
1,0,0,6200
2,0,0,6200
3,0,0,6200
4,0,0,6200
5,0,2,6200
1,0,0,6202
2,0,0,6202
3,0,2,6202
1,0,2,6204
1,0,0,6206
2,1,0,6206
3,0,2,6206
1,0,0,6208
2,0,2,6208
1,0,0,6210
2,1,2,6210
1,0,0,6212
2,0,0,6212
3,0,0,6212
4,1,2,6212
1,0,2,6214
1,1,2,6216
1,1,0,6218
2,0,0,6218
3,0,2,6218
1,0,0,6220
2,0,2,6220
1,0,0,6222
2,0,2,6222
1,0,0,6224
2,0,0,6224
3,0,0,6224
4,0,2,6224
1,0,0,6226
2,1,0,6226
3,0,0,6226
4,0,0,6226
5,0,10,6226
5,0,10,6236
5,0,10,6246
5,0,10,6256
5,0,10,6266
5,0,10,6276
5,0,10,6286
5,0,10,6296
5,1,10,6306
5,0,10,6316
5,0,10,6326
5,0,10,6336
5,0,10,6346
5,0,10,6356
5,0,10,6366
5,1,2,6376
1,0,2,6378
1,0,0,6380
2,0,2,6380
1,0,2,6382
1,0,0,6384
2,0,0,6384
3,0,0,6384
4,0,0,6384
5,0,10,6384
5,0,2,6394
1,0,0,6396
2,1,2,6396
1,0,2,6398
1,1,2,6400
1,1,0,6402
2,0,0,6402
3,0,0,6402
4,0,0,6402
5,0,2,6402
1,0,0,6404
2,0,0,6404
3,0,0,6404
4,0,2,6404
1,0,2,6406
1,1,2,6408
1,0,0,6410
2,0,0,6410
3,0,0,6410
4,0,0,6410
5,0,10,6410
5,0,10,6420
5,0,10,6430
5,0,2,6440
1,0,0,6442
2,0,2,6442
1,0,0,6444
2,0,0,6444
3,1,2,6444
1,0,0,6446
2,0,0,6446
3,0,0,6446
4,0,0,6446
5,0,10,6446
5,0,10,6456
5,0,10,6466
5,0,2,6476
1,0,0,6478
2,0,2,6478
1,0,2,6480
1,0,0,6482
2,0,0,6482
3,0,0,6482
4,0,2,6482
1,0,0,6484
2,1,2,6484
1,0,0,6486
2,1,2,6486
1,0,0,6488
2,0,0,6488
3,0,0,6488
4,0,0,6488
5,0,10,6488
5,0,2,6498
1,1,0,6500
2,0,0,6500
3,0,0,6500
4,0,0,6500
5,0,2,6500
1,0,0,6502
2,1,2,6502
1,0,0,6504
2,0,0,6504
3,0,0,6504
4,0,2,6504
1,0,2,6506
1,1,2,6508
1,1,2,6510
1,0,0,6512
2,1,2,6512
1,0,0,6514
2,0,0,6514
3,0,2,6514
1,0,0,6516
2,0,0,6516
3,0,0,6516
4,0,2,6516
1,0,2,6518
1,0,0,6520
2,1,2,6520
1,0,0,6522
2,1,2,6522
1,0,2,6524
1,1,2,6526
1,1,2,6528
1,0,0,6530
2,0,0,6530
3,0,0,6530
4,0,0,6530
5,0,10,6530
5,0,10,6540
5,0,10,6550
5,0,10,6560
5,0,10,6570
5,0,10,6580
5,0,10,6590
5,0,10,6600
5,1,10,6610
5,0,2,6620
1,0,0,6622
2,0,0,6622
3,0,0,6622
4,0,0,6622
5,0,10,6622
5,0,10,6632
5,0,2,6642
1,0,2,6644
1,0,0,6646
2,0,0,6646
3,0,2,6646
1,0,0,6648
2,0,0,6648
3,0,0,6648
4,0,2,6648
1,0,2,6650
1,1,2,6652
1,0,0,6654
2,0,0,6654
3,0,0,6654
4,0,0,6654
5,0,2,6654
1,0,0,6656
2,0,0,6656
3,0,2,6656
1,0,0,6658
2,0,0,6658
3,0,0,6658
4,0,2,6658
1,0,0,6660
2,1,2,6660
1,0,0,6662
2,0,2,6662
1,0,0,6664
2,0,0,6664
3,0,0,6664
4,1,2,6664
1,0,2,6666
1,0,2,6668
1,1,2,6670
1,0,0,6672
2,0,0,6672
3,0,0,6672
4,0,2,6672
1,0,0,6674
2,1,2,6674
1,0,2,6676
1,0,0,6678
2,0,0,6678
3,0,0,6678
4,0,0,6678
5,0,10,6678
5,0,2,6688
1,0,0,6690
2,0,0,6690
3,0,2,6690
1,0,0,6692
2,0,0,6692
3,0,0,6692
4,0,0,6692
5,0,10,6692
5,0,10,6702
5,0,10,6712
5,0,10,6722
5,0,10,6732
5,0,10,6742
5,0,10,6752
5,0,10,6762
5,0,10,6772
5,1,2,6782
1,0,0,6784
2,0,2,6784
1,0,0,6786
2,0,0,6786
3,0,0,6786
4,0,0,6786
5,1,2,6786
1,0,0,6788
2,0,0,6788
3,0,0,6788
4,0,0,6788
5,1,2,6788
1,0,2,6790
1,1,2,6792
1,0,0,6794
2,0,2,6794
1,1,0,6796
2,0,0,6796
3,0,0,6796
4,1,2,6796
1,0,0,6798
2,0,0,6798
3,0,2,6798
1,0,2,6800
1,0,2,6802
1,0,2,6804
1,0,0,6806
2,0,0,6806
3,0,0,6806
4,0,0,6806
5,0,2,6806
1,0,0,6808
2,0,0,6808
3,0,0,6808
4,0,0,6808
5,0,10,6808
5,0,10,6818
5,0,10,6828
5,0,2,6838
1,1,0,6840
2,0,0,6840
3,1,2,6840
1,0,0,6842
2,0,0,6842
3,0,0,6842
4,0,0,6842
5,0,10,6842
5,1,2,6852
1,0,2,6854
1,1,2,6856
1,0,2,6858
1,0,0,6860
2,0,2,6860
1,0,2,6862
1,0,0,6864
2,0,0,6864
3,0,2,6864
1,0,0,6866
2,0,0,6866
3,0,0,6866
4,0,0,6866
5,0,10,6866
5,0,10,6876
5,0,10,6886
5,0,2,6896
1,0,2,6898
1,1,2,6900
1,1,2,6902
1,0,0,6904
2,1,2,6904
1,0,0,6906
2,0,0,6906
3,0,0,6906
4,0,0,6906
5,0,10,6906
5,0,10,6916
5,1,2,6926
1,0,0,6928
2,0,0,6928
3,0,2,6928
1,0,2,6930
1,0,0,6932
2,0,2,6932
1,0,0,6934
2,0,0,6934
3,1,2,6934
1,1,0,6936
2,0,0,6936
3,0,0,6936
4,0,2,6936
1,0,2,6938
1,1,2,6940
1,0,0,6942
2,0,0,6942
3,1,0,6942
4,0,0,6942
5,0,10,6942
5,0,10,6952
5,0,10,6962
5,0,10,6972
5,0,2,6982
1,0,0,6984
2,0,2,6984
1,0,0,6986
2,0,2,6986
1,0,0,6988
2,0,0,6988
3,0,2,6988
1,0,0,6990
2,0,0,6990
3,0,0,6990
4,0,2,6990
1,0,0,6992
2,1,2,6992
1,0,0,6994
2,0,0,6994
3,0,0,6994
4,0,2,6994
1,0,0,6996
2,0,2,6996
1,0,0,6998
2,0,0,6998
3,0,0,6998
4,0,0,6998
5,0,10,6998
5,0,10,7008
5,0,10,7018
5,0,10,7028
5,1,2,7038
1,0,0,7040
2,0,0,7040
3,0,0,7040
4,0,0,7040
5,0,2,7040
1,1,0,7042
2,0,2,7042
1,0,0,7044
2,0,0,7044
3,0,0,7044
4,1,2,7044
1,0,0,7046
2,0,2,7046
1,0,0,7048
2,1,2,7048
1,0,0,7050
2,0,0,7050
3,0,0,7050
4,0,2,7050
1,0,0,7052
2,0,0,7052
3,0,0,7052
4,0,2,7052
1,1,2,7054
1,0,0,7056
2,0,0,7056
3,0,0,7056
4,0,0,7056
5,0,2,7056
1,0,0,7058
2,0,0,7058
3,0,0,7058
4,0,0,7058
5,1,10,7058
5,0,10,7068
5,0,10,7078
5,0,10,7088
5,0,10,7098
5,0,10,7108
5,0,10,7118
5,1,2,7128
1,0,2,7130
1,1,0,7132
2,0,0,7132
3,0,0,7132
4,0,0,7132
5,0,10,7132
5,0,10,7142
5,0,10,7152
5,1,2,7162
1,0,0,7164
2,0,2,7164
1,0,0,7166
2,0,0,7166
3,0,0,7166
4,0,0,7166
5,0,10,7166
5,0,10,7176
5,0,10,7186
5,0,10,7196
5,0,2,7206
1,0,2,7208
1,0,2,7210
1,1,2,7212
1,0,0,7214
2,0,2,7214
1,0,0,7216
2,1,2,7216
1,0,0,7218
2,1,2,7218
1,0,2,7220
1,0,0,7222
2,0,0,7222
3,0,0,7222
4,0,2,7222
1,0,0,7224
2,0,0,7224
3,0,2,7224
1,0,0,7226
2,0,0,7226
3,1,2,7226
1,0,0,7228
2,0,0,7228
3,0,2,7228
1,0,0,7230
2,0,0,7230
3,0,0,7230
4,0,0,7230
5,0,2,7230
1,0,2,7232
1,1,2,7234
1,0,0,7236
2,0,0,7236
3,0,0,7236
4,0,0,7236
5,0,10,7236
5,0,10,7246
5,0,10,7256
5,0,10,7266
5,0,10,7276
5,0,10,7286
5,0,10,7296
5,0,10,7306
5,0,2,7316
1,0,2,7318
1,0,0,7320
2,0,0,7320
3,0,0,7320
4,0,0,7320
5,0,10,7320
5,0,2,7330
1,0,0,7332
2,0,0,7332
3,0,0,7332
4,0,0,7332
5,0,10,7332
5,0,10,7342
5,0,10,7352
5,0,2,7362
1,0,2,7364
1,0,0,7366
2,0,2,7366
1,0,0,7368
2,0,0,7368
3,0,0,7368
4,0,2,7368
1,0,0,7370
2,0,2,7370
1,0,0,7372
2,0,2,7372
1,0,0,7374
2,0,0,7374
3,0,0,7374
4,0,0,7374
5,0,10,7374
5,0,2,7384
1,0,0,7386
2,0,0,7386
3,1,2,7386
1,0,0,7388
2,0,0,7388
3,0,2,7388
1,1,2,7390
1,1,2,7392
1,0,0,7394
2,0,2,7394
1,0,0,7396
2,0,2,7396
1,0,0,7398
2,0,0,7398
3,1,0,7398
4,0,0,7398
5,0,10,7398
5,0,10,7408
5,0,10,7418
5,0,2,7428
1,0,0,7430
2,0,0,7430
3,0,2,7430
1,0,0,7432
2,0,0,7432
3,0,0,7432
4,0,0,7432
5,0,10,7432
5,0,10,7442
5,0,10,7452
5,0,10,7462
5,0,10,7472
5,0,2,7482
1,0,0,7484
2,0,0,7484
3,0,0,7484
4,0,0,7484
5,0,2,7484
1,0,0,7486
2,0,2,7486
1,0,0,7488
2,0,0,7488
3,0,0,7488
4,0,0,7488
5,0,10,7488
5,0,10,7498
5,0,10,7508
5,0,10,7518
5,0,10,7528
5,0,10,7538
5,0,10,7548
5,0,10,7558
5,0,10,7568
5,0,10,7578
5,0,10,7588
5,0,10,7598
5,0,10,7608
5,0,2,7618
1,1,2,7620
1,0,0,7622
2,0,0,7622
3,0,0,7622
4,0,0,7622
5,0,10,7622
5,0,10,7632
5,0,10,7642
5,0,10,7652
5,1,2,7662
1,0,0,7664
2,0,0,7664
3,0,0,7664
4,0,0,7664
5,0,2,7664
1,0,2,7666
1,0,2,7668
1,0,0,7670
2,0,0,7670
3,0,0,7670
4,0,0,7670
5,0,10,7670
5,0,10,7680
5,0,10,7690
5,0,2,7700
1,0,0,7702
2,0,0,7702
3,0,2,7702
1,0,0,7704
2,0,0,7704
3,1,2,7704
1,0,0,7706
2,0,2,7706
1,0,0,7708
2,0,0,7708
3,0,0,7708
4,0,0,7708
5,0,10,7708
5,1,2,7718
1,0,2,7720
1,1,2,7722
1,0,0,7724
2,0,0,7724
3,0,0,7724
4,0,0,7724
5,0,10,7724
5,0,10,7734
5,0,10,7744
5,0,10,7754
5,0,10,7764
5,0,10,7774
5,0,10,7784
5,0,10,7794
5,0,10,7804
5,1,2,7814
1,0,2,7816
1,1,2,7818
1,1,2,7820
1,0,0,7822
2,0,0,7822
3,0,0,7822
4,0,2,7822
1,0,0,7824
2,0,0,7824
3,1,2,7824
1,0,0,7826
2,0,2,7826
1,0,0,7828
2,0,0,7828
3,0,0,7828
4,1,0,7828
5,0,10,7828
5,0,10,7838
5,0,10,7848
5,0,10,7858
5,0,10,7868
5,0,10,7878
5,0,10,7888
5,1,10,7898
5,0,10,7908
5,0,10,7918
5,0,10,7928
5,0,10,7938
5,0,10,7948
5,0,10,7958
5,0,10,7968
5,0,10,7978
5,0,10,7988
5,0,10,7998
5,0,10,8008
5,0,10,8018
5,0,10,8028
5,0,10,8038
5,0,10,8048
5,0,10,8058
5,0,10,8068
5,0,10,8078
5,1,2,8088
1,0,2,8090
1,1,0,8092
2,0,0,8092
3,0,0,8092
4,0,2,8092
1,1,2,8094
1,1,2,8096
1,1,2,8098
1,0,0,8100
2,0,0,8100
3,0,0,8100
4,0,0,8100
5,0,10,8100
5,0,2,8110
1,0,2,8112
1,1,2,8114
1,0,0,8116
2,0,0,8116
3,0,0,8116
4,0,2,8116
1,0,0,8118
2,0,2,8118
1,0,0,8120
2,0,0,8120
3,0,2,8120
1,1,2,8122
1,0,0,8124
2,0,0,8124
3,0,0,8124
4,0,0,8124
5,0,2,8124
1,0,0,8126
2,1,2,8126
1,0,2,8128
1,0,2,8130
1,0,0,8132
2,1,2,8132
1,0,0,8134
2,0,0,8134
3,0,0,8134
4,0,0,8134
5,0,2,8134
1,0,0,8136
2,0,0,8136
3,0,0,8136
4,0,2,8136
1,0,0,8138
2,0,0,8138
3,0,0,8138
4,0,0,8138
5,0,10,8138
5,0,10,8148
5,0,2,8158
1,0,0,8160
2,0,2,8160
1,0,0,8162
2,1,2,8162
1,0,0,8164
2,0,2,8164
1,0,2,8166
1,0,0,8168
2,0,0,8168
3,1,2,8168
1,0,2,8170
1,0,0,8172
2,0,0,8172
3,0,2,8172
1,0,0,8174
2,0,0,8174
3,0,0,8174
4,1,2,8174
1,0,2,8176
1,0,2,8178
1,0,0,8180
2,0,0,8180
3,1,0,8180
4,0,0,8180
5,0,10,8180
5,0,10,8190
5,0,10,8200
5,0,10,8210
5,0,10,8220
5,0,10,8230
5,0,10,8240
5,0,10,8250
5,0,10,8260
5,0,10,8270
5,0,10,8280
5,0,10,8290
5,0,2,8300
1,0,0,8302
2,0,0,8302
3,0,0,8302
4,0,0,8302
5,0,10,8302
5,0,10,8312
5,0,10,8322
5,0,10,8332
5,0,10,8342
5,0,10,8352
5,0,2,8362
1,0,0,8364
2,0,0,8364
3,0,0,8364
4,0,0,8364
5,0,10,8364
5,0,10,8374
5,0,10,8384
5,0,10,8394
5,0,10,8404
5,0,2,8414
1,0,0,8416
2,0,0,8416
3,0,0,8416
4,0,0,8416
5,0,10,8416
5,0,2,8426
1,0,0,8428
2,0,0,8428
3,0,0,8428
4,0,0,8428
5,0,2,8428
1,0,0,8430
2,0,2,8430
1,0,2,8432
1,0,0,8434
2,0,0,8434
3,0,2,8434
1,0,0,8436
2,0,2,8436
1,0,0,8438
2,0,0,8438
3,0,0,8438
4,0,2,8438
1,0,0,8440
2,0,0,8440
3,0,0,8440
4,1,2,8440
1,0,0,8442
2,0,0,8442
3,0,2,8442
1,0,0,8444
2,1,2,8444
1,0,0,8446
2,0,2,8446
1,1,2,8448
1,1,0,8450
2,0,0,8450
3,0,0,8450
4,0,0,8450
5,0,10,8450
5,0,10,8460
5,0,10,8470
5,0,10,8480
5,0,10,8490
5,0,10,8500
5,0,10,8510
5,0,2,8520
1,0,0,8522
2,0,0,8522
3,0,0,8522
4,0,0,8522
5,0,2,8522
1,0,0,8524
2,0,0,8524
3,0,0,8524
4,0,0,8524
5,0,10,8524
5,0,10,8534
5,0,10,8544
5,0,10,8554
5,0,2,8564
1,0,0,8566
2,1,2,8566
1,0,0,8568
2,0,2,8568
1,0,0,8570
2,0,2,8570
1,0,0,8572
2,1,2,8572
1,0,0,8574
2,0,0,8574
3,0,2,8574
1,0,0,8576
2,1,2,8576
1,0,0,8578
2,0,0,8578
3,0,0,8578
4,0,2,8578
1,0,0,8580
2,0,2,8580
1,0,0,8582
2,0,2,8582
1,0,2,8584
1,0,0,8586
2,0,0,8586
3,0,0,8586
4,0,2,8586
1,0,2,8588
1,0,0,8590
2,0,0,8590
3,0,0,8590
4,0,2,8590
1,0,0,8592
2,0,0,8592
3,1,2,8592
1,0,2,8594
1,1,2,8596
1,0,0,8598
2,0,0,8598
3,0,2,8598
1,0,2,8600
1,1,2,8602
1,0,0,8604
2,0,0,8604
3,0,0,8604
4,0,0,8604
5,0,10,8604
5,0,10,8614
5,0,10,8624
5,0,2,8634
1,0,0,8636
2,0,2,8636
1,0,0,8638
2,0,2,8638
1,0,0,8640
2,0,2,8640
1,0,0,8642
2,0,0,8642
3,0,0,8642
4,0,0,8642
5,0,2,8642
1,0,0,8644
2,0,0,8644
3,0,0,8644
4,0,0,8644
5,0,10,8644
5,1,2,8654
1,0,0,8656
2,0,0,8656
3,0,2,8656
1,0,0,8658
2,0,0,8658
3,1,2,8658
1,0,0,8660
2,0,0,8660
3,0,0,8660
4,0,2,8660
1,0,0,8662
2,0,0,8662
3,0,0,8662
4,0,0,8662
5,0,2,8662
1,0,0,8664
2,0,0,8664
3,0,0,8664
4,1,2,8664
1,0,0,8666
2,0,0,8666
3,0,0,8666
4,1,2,8666
1,0,0,8668
2,0,0,8668
3,0,0,8668
4,0,0,8668
5,0,2,8668
1,0,0,8670
2,0,0,8670
3,0,0,8670
4,0,0,8670
5,0,10,8670
5,0,2,8680
1,0,0,8682
2,0,0,8682
3,0,0,8682
4,0,0,8682
5,0,10,8682
5,1,10,8692
5,0,10,8702
5,0,10,8712
5,0,10,8722
5,0,10,8732
5,0,10,8742
5,0,10,8752
5,0,2,8762
1,0,0,8764
2,0,0,8764
3,0,0,8764
4,0,0,8764
5,0,10,8764
5,0,10,8774
5,0,10,8784
5,0,10,8794
5,0,10,8804
5,0,10,8814
5,1,2,8824
1,0,2,8826
1,0,2,8828
1,1,2,8830
1,0,0,8832
2,0,0,8832
3,0,2,8832
1,1,2,8834
1,1,2,8836
1,0,0,8838
2,0,0,8838
3,0,0,8838
4,0,0,8838
5,1,2,8838
1,0,0,8840
2,0,0,8840
3,0,0,8840
4,0,0,8840
5,0,10,8840
5,0,10,8850
5,0,10,8860
5,0,10,8870
5,1,2,8880
1,1,2,8882
1,0,0,8884
2,0,0,8884
3,0,0,8884
4,0,0,8884
5,0,10,8884
5,0,2,8894
1,0,0,8896
2,0,0,8896
3,0,2,8896
1,0,0,8898
2,0,0,8898
3,0,0,8898
4,0,2,8898
1,0,0,8900
2,0,0,8900
3,0,0,8900
4,0,0,8900
5,0,10,8900
5,0,10,8910
5,0,2,8920
1,0,0,8922
2,0,2,8922
1,0,0,8924
2,1,2,8924
1,0,0,8926
2,0,2,8926
1,0,0,8928
2,0,2,8928
1,0,0,8930
2,0,0,8930
3,0,2,8930
1,0,0,8932
2,0,0,8932
3,0,0,8932
4,0,0,8932
5,0,10,8932
5,0,10,8942
5,0,10,8952
5,0,10,8962
5,0,10,8972
5,0,10,8982
5,0,10,8992
5,0,10,9002
5,0,10,9012
5,0,10,9022
5,0,10,9032
5,0,2,9042
1,0,0,9044
2,0,0,9044
3,1,2,9044
1,1,2,9046
1,0,0,9048
2,0,2,9048
1,0,0,9050
2,0,0,9050
3,0,2,9050
1,0,0,9052
2,1,2,9052
1,0,0,9054
2,0,0,9054
3,1,2,9054
1,1,0,9056
2,1,0,9056
3,0,0,9056
4,0,0,9056
5,0,2,9056
1,1,2,9058
1,0,0,9060
2,0,0,9060
3,0,0,9060
4,0,0,9060
5,0,10,9060
5,0,10,9070
5,1,2,9080
1,0,2,9082
1,0,0,9084
2,0,0,9084
3,0,0,9084
4,0,0,9084
5,0,10,9084
5,0,10,9094
5,1,2,9104
1,0,0,9106
2,0,0,9106
3,0,0,9106
4,0,2,9106
1,0,0,9108
2,1,2,9108
1,0,2,9110
1,1,2,9112
1,0,0,9114
2,1,2,9114
1,1,2,9116
1,0,0,9118
2,0,0,9118
3,0,0,9118
4,0,2,9118
1,0,2,9120
1,0,0,9122
2,0,0,9122
3,0,0,9122
4,0,2,9122
1,0,0,9124
2,0,0,9124
3,1,2,9124
1,0,0,9126
2,0,0,9126
3,0,0,9126
4,0,0,9126
5,0,10,9126
5,1,2,9136
1,0,0,9138
2,0,0,9138
3,0,0,9138
4,0,0,9138
5,0,10,9138
5,0,2,9148
1,0,2,9150
1,0,0,9152
2,0,2,9152
1,0,0,9154
2,1,2,9154
1,0,2,9156
1,1,2,9158
1,0,2,9160
1,0,0,9162
2,0,0,9162
3,0,0,9162
4,0,2,9162
1,0,0,9164
2,0,0,9164
3,0,0,9164
4,0,0,9164
5,0,10,9164
5,0,10,9174
5,0,2,9184
1,0,0,9186
2,0,0,9186
3,0,0,9186
4,1,2,9186
1,0,0,9188
2,0,0,9188
3,0,2,9188
1,0,0,9190
2,0,0,9190
3,0,0,9190
4,1,0,9190
5,0,10,9190
5,0,10,9200
5,0,10,9210
5,0,10,9220
5,0,10,9230
5,0,10,9240
5,0,2,9250
1,0,0,9252
2,0,0,9252
3,1,2,9252
1,0,0,9254
2,0,0,9254
3,0,0,9254
4,0,2,9254
1,0,0,9256
2,0,0,9256
3,0,0,9256
4,0,0,9256
5,0,10,9256
5,0,10,9266
5,0,2,9276
1,0,0,9278
2,0,0,9278
3,0,0,9278
4,0,0,9278
5,0,10,9278
5,0,10,9288
5,0,10,9298
5,0,10,9308
5,0,10,9318
5,1,2,9328
1,1,0,9330
2,0,0,9330
3,0,0,9330
4,0,0,9330
5,0,10,9330
5,0,10,9340
5,0,10,9350
5,0,10,9360
5,0,10,9370
5,0,10,9380
5,0,10,9390
5,0,10,9400
5,0,2,9410
1,0,2,9412
1,0,0,9414
2,0,0,9414
3,0,0,9414
4,0,0,9414
5,0,10,9414
5,0,2,9424
1,0,0,9426
2,0,2,9426
1,0,0,9428
2,0,0,9428
3,0,0,9428
4,0,2,9428
1,0,0,9430
2,0,0,9430
3,0,0,9430
4,0,0,9430
5,0,10,9430
5,0,2,9440
1,0,0,9442
2,0,0,9442
3,0,0,9442
4,0,0,9442
5,0,10,9442
5,0,10,9452
5,0,10,9462
5,0,10,9472
5,0,10,9482
5,0,10,9492
5,0,2,9502
1,0,0,9504
2,0,2,9504
1,0,2,9506
1,1,0,9508
2,0,0,9508
3,0,0,9508
4,0,0,9508
5,0,2,9508
1,0,2,9510
1,0,0,9512
2,0,0,9512
3,0,0,9512
4,0,0,9512
5,0,10,9512
5,0,10,9522
5,0,10,9532
5,0,10,9542
5,0,2,9552
1,0,0,9554
2,0,2,9554
1,0,0,9556
2,0,0,9556
3,0,0,9556
4,0,0,9556
5,0,10,9556
5,0,10,9566
5,0,10,9576
5,0,10,9586
5,0,10,9596
5,0,10,9606
5,0,10,9616
5,0,2,9626
1,0,0,9628
2,0,0,9628
3,0,0,9628
4,0,0,9628
5,0,10,9628
5,0,10,9638
5,0,10,9648
5,0,10,9658
5,0,2,9668
1,0,2,9670
1,0,0,9672
2,1,2,9672
1,0,0,9674
2,1,2,9674
1,0,0,9676
2,0,0,9676
3,0,0,9676
4,0,0,9676
5,1,2,9676
1,0,0,9678
2,1,2,9678
1,0,0,9680
2,0,0,9680
3,0,0,9680
4,0,0,9680
5,0,10,9680
5,0,10,9690
5,0,10,9700
5,0,10,9710
5,0,10,9720
5,0,10,9730
5,1,2,9740
1,0,2,9742
1,0,2,9744
1,0,2,9746
1,0,0,9748
2,1,2,9748
1,0,2,9750
1,0,0,9752
2,0,0,9752
3,0,0,9752
4,0,2,9752
1,0,2,9754
1,1,2,9756
1,0,2,9758
1,0,0,9760
2,0,0,9760
3,0,0,9760
4,0,0,9760
5,0,2,9760
1,0,0,9762
2,0,0,9762
3,0,0,9762
4,0,2,9762
1,0,0,9764
2,0,2,9764
1,0,0,9766
2,0,0,9766
3,0,0,9766
4,0,0,9766
5,0,10,9766
5,0,2,9776
1,0,0,9778
2,0,2,9778
1,0,0,9780
2,0,0,9780
3,0,0,9780
4,0,0,9780
5,0,10,9780
5,0,10,9790
5,0,2,9800
1,0,0,9802
2,0,0,9802
3,0,0,9802
4,0,0,9802
5,0,10,9802
5,0,10,9812
5,0,10,9822
5,0,10,9832
5,0,10,9842
5,0,10,9852
5,0,10,9862
5,0,2,9872
1,0,0,9874
2,0,0,9874
3,0,2,9874
1,0,2,9876
1,1,0,9878
2,0,0,9878
3,1,2,9878
1,1,2,9880
1,0,0,9882
2,0,2,9882
1,0,2,9884
1,1,2,9886
1,0,0,9888
2,1,0,9888
3,0,0,9888
4,0,0,9888
5,0,10,9888
5,1,2,9898
1,0,2,9900
1,0,2,9902
1,1,0,9904
2,0,2,9904
1,0,2,9906
1,1,2,9908
1,0,0,9910
2,0,2,9910
1,0,0,9912
2,0,0,9912
3,0,0,9912
4,0,0,9912
5,1,2,9912
1,0,0,9914
2,0,0,9914
3,0,0,9914
4,0,0,9914
5,0,10,9914
5,0,10,9924
5,0,10,9934
5,0,2,9944
1,0,0,9946
2,0,2,9946
1,1,0,9948
2,1,2,9948
1,0,2,9950
1,0,0,9952
2,0,0,9952
3,0,0,9952
4,0,0,9952
5,0,10,9952
5,1,2,9962
1,0,0,9964
2,0,2,9964
1,0,0,9966
2,0,0,9966
3,0,0,9966
4,0,0,9966
5,0,2,9966
1,0,2,9968
1,0,0,9970
2,0,0,9970
3,0,0,9970
4,0,0,9970
5,0,10,9970
5,0,2,9980
1,0,0,9982
2,0,0,9982
3,0,0,9982
4,0,2,9982
1,1,2,9984
1,1,0,9986
2,0,0,9986
3,1,2,9986
1,0,0,9988
2,0,0,9988
3,0,0,9988
4,0,0,9988
5,1,2,9988
1,1,0,9990
2,1,2,9990
1,0,0,9992
2,0,0,9992
3,0,0,9992
4,0,0,9992
5,0,10,9992
5,1,2,10002
1,1,0,10004
2,0,0,10004
3,0,2,10004
1,0,0,10006
2,0,0,10006
3,0,0,10006
4,0,0,10006
5,0,10,10006
5,1,2,10016
1,1,2,10018
1,0,0,10020
2,0,0,10020
3,0,0,10020
4,0,0,10020
5,0,10,10020
5,0,10,10030
5,0,10,10040
5,0,10,10050
5,0,10,10060
5,0,10,10070
5,0,10,10080
5,1,10,10090
5,0,10,10100
5,0,10,10110
5,0,10,10120
5,0,10,10130
5,0,10,10140
5,0,10,10150
5,0,10,10160
5,0,10,10170
5,0,10,10180
5,0,10,10190
5,0,10,10200
5,0,10,10210
5,0,10,10220
5,0,2,10230
1,1,2,10232
1,0,0,10234
2,0,0,10234
3,0,0,10234
4,0,0,10234
5,0,10,10234
5,0,10,10244
5,0,10,10254
5,1,2,10264
1,0,2,10266
1,0,0,10268
2,0,0,10268
3,0,2,10268
1,0,0,10270
2,0,0,10270
3,0,0,10270
4,0,2,10270
1,0,0,10272
2,0,0,10272
3,0,0,10272
4,1,2,10272
1,0,2,10274
1,0,0,10276
2,0,0,10276
3,0,2,10276
1,0,0,10278
2,0,0,10278
3,0,2,10278
1,0,0,10280
2,0,0,10280
3,0,0,10280
4,0,0,10280
5,0,10,10280
5,0,10,10290
5,0,10,10300
5,0,2,10310
1,0,0,10312
2,0,2,10312
1,0,0,10314
2,1,0,10314
3,0,0,10314
4,0,0,10314
5,0,10,10314
5,0,2,10324
1,0,2,10326
1,0,0,10328
2,0,0,10328
3,0,0,10328
4,0,0,10328
5,0,10,10328
5,1,2,10338
1,0,2,10340
1,0,0,10342
2,0,2,10342
1,1,2,10344
1,0,2,10346
1,0,0,10348
2,0,0,10348
3,0,0,10348
4,0,0,10348
5,0,10,10348
5,1,2,10358
1,0,0,10360
2,0,0,10360
3,0,0,10360
4,0,0,10360
5,0,10,10360
5,0,2,10370
1,0,0,10372
2,0,0,10372
3,0,0,10372
4,0,0,10372
5,0,10,10372
5,0,10,10382
5,0,10,10392
5,1,2,10402
1,0,0,10404
2,0,0,10404
3,0,2,10404
1,0,0,10406
2,0,0,10406
3,0,0,10406
4,0,2,10406
1,0,0,10408
2,0,0,10408
3,0,0,10408
4,0,0,10408
5,0,10,10408
5,0,10,10418
5,0,10,10428
5,0,10,10438
5,1,2,10448
1,0,0,10450
2,0,0,10450
3,0,0,10450
4,0,0,10450
5,0,10,10450
5,0,10,10460
5,0,10,10470
5,0,10,10480
5,0,10,10490
5,0,2,10500
1,1,2,10502
1,1,0,10504
2,0,0,10504
3,0,0,10504
4,0,0,10504
5,0,10,10504
5,0,2,10514
1,0,2,10516
1,1,2,10518
1,0,0,10520
2,0,0,10520
3,0,0,10520
4,0,0,10520
5,0,10,10520
5,0,10,10530
5,0,10,10540
5,0,2,10550
1,0,0,10552
2,0,0,10552
3,1,0,10552
4,0,2,10552
1,0,0,10554
2,1,2,10554
1,0,0,10556
2,0,0,10556
3,0,0,10556
4,1,2,10556
1,0,0,10558
2,0,2,10558
1,0,0,10560
2,0,0,10560
3,0,0,10560
4,0,0,10560
5,0,10,10560
5,0,10,10570
5,0,10,10580
5,0,10,10590
5,0,10,10600
5,0,10,10610
5,0,10,10620
5,0,10,10630
5,0,2,10640
1,0,0,10642
2,1,0,10642
3,0,0,10642
4,0,0,10642
5,0,2,10642
1,0,0,10644
2,0,2,10644
1,0,0,10646
2,0,2,10646
1,0,0,10648
2,0,2,10648
1,0,2,10650
1,0,2,10652
1,0,0,10654
2,0,0,10654
3,0,0,10654
4,0,0,10654
5,0,10,10654
5,0,10,10664
5,0,10,10674
5,1,10,10684
5,0,2,10694
1,0,0,10696
2,0,0,10696
3,0,0,10696
4,0,2,10696
1,0,0,10698
2,0,2,10698
1,1,2,10700
1,0,0,10702
2,0,0,10702
3,0,0,10702
4,0,0,10702
5,0,10,10702
5,0,10,10712
5,0,10,10722
5,0,10,10732
5,0,10,10742
5,1,10,10752
5,0,10,10762
5,0,10,10772
5,0,10,10782
5,1,2,10792
1,0,2,10794
1,0,2,10796
1,0,2,10798
1,0,0,10800
2,0,0,10800
3,0,0,10800
4,0,0,10800
5,0,10,10800
5,0,10,10810
5,0,10,10820
5,1,2,10830
1,0,0,10832
2,0,0,10832
3,0,0,10832
4,0,0,10832
5,0,2,10832
1,0,0,10834
2,0,0,10834
3,0,0,10834
4,1,2,10834
1,0,0,10836
2,0,0,10836
3,0,0,10836
4,0,2,10836
1,0,0,10838
2,0,0,10838
3,0,0,10838
4,0,0,10838
5,0,10,10838
5,0,10,10848
5,0,10,10858
5,0,10,10868
5,0,10,10878
5,0,10,10888
5,0,10,10898
5,0,10,10908
5,0,10,10918
5,1,10,10928
5,0,10,10938
5,0,2,10948
1,0,2,10950
1,0,0,10952
2,0,0,10952
3,0,2,10952
1,0,0,10954
2,0,0,10954
3,0,0,10954
4,0,0,10954
5,1,10,10954
5,0,2,10964
1,0,2,10966
1,0,0,10968
2,0,0,10968
3,0,2,10968
1,0,0,10970
2,0,0,10970
3,0,0,10970
4,0,0,10970
5,1,2,10970
1,0,2,10972
1,0,0,10974
2,1,2,10974
1,0,0,10976
2,0,0,10976
3,0,0,10976
4,0,0,10976
5,0,10,10976
5,0,10,10986
5,0,10,10996
5,0,2,11006
1,0,0,11008
2,0,2,11008
1,0,0,11010
2,0,0,11010
3,0,0,11010
4,0,0,11010
5,0,2,11010
1,1,0,11012
2,0,0,11012
3,0,0,11012
4,0,0,11012
5,0,10,11012
5,0,10,11022
5,0,10,11032
5,0,10,11042
5,0,10,11052
5,0,10,11062
5,0,10,11072
5,0,10,11082
5,0,10,11092
5,0,2,11102
1,0,0,11104
2,0,0,11104
3,0,0,11104
4,0,0,11104
5,0,10,11104
5,0,10,11114
5,0,10,11124
5,0,2,11134
1,0,0,11136
2,0,2,11136
1,0,0,11138
2,0,0,11138
3,0,0,11138
4,0,0,11138
5,0,10,11138
5,1,2,11148
1,0,0,11150
2,1,2,11150
1,0,0,11152
2,0,2,11152
1,0,0,11154
2,0,0,11154
3,0,0,11154
4,0,0,11154
5,0,10,11154
5,0,10,11164
5,0,2,11174
1,0,0,11176
2,0,0,11176
3,1,2,11176
1,0,2,11178
1,0,0,11180
2,0,0,11180
3,0,0,11180
4,0,0,11180
5,0,10,11180
5,0,10,11190
5,0,2,11200
1,0,0,11202
2,0,0,11202
3,0,0,11202
4,0,2,11202
1,0,0,11204
2,0,0,11204
3,0,0,11204
4,0,0,11204
5,0,2,11204
1,0,0,11206
2,0,0,11206
3,0,2,11206
1,0,0,11208
2,0,0,11208
3,0,0,11208
4,0,0,11208
5,0,2,11208
1,0,0,11210
2,0,2,11210
1,0,2,11212
1,0,0,11214
2,0,2,11214
1,0,0,11216
2,0,0,11216
3,0,0,11216
4,0,0,11216
5,0,10,11216
5,0,10,11226
5,0,10,11236
5,0,10,11246
5,0,10,11256
5,0,10,11266
5,0,10,11276
5,0,10,11286
5,0,10,11296
5,0,10,11306
5,0,2,11316
1,0,0,11318
2,1,2,11318
1,0,0,11320
2,0,0,11320
3,0,0,11320
4,0,0,11320
5,0,10,11320
5,0,10,11330
5,0,10,11340
5,0,10,11350
5,0,10,11360
5,0,10,11370
5,0,2,11380
1,0,0,11382
2,0,0,11382
3,0,0,11382
4,0,0,11382
5,0,10,11382
5,0,10,11392
5,0,10,11402
5,0,10,11412
5,0,10,11422
5,0,2,11432
1,0,0,11434
2,0,0,11434
3,0,0,11434
4,0,0,11434
5,0,10,11434
5,0,10,11444
5,0,2,11454
1,0,2,11456
1,0,2,11458
1,0,0,11460
2,0,2,11460
1,0,0,11462
2,0,2,11462
1,1,0,11464
2,1,2,11464
1,0,0,11466
2,0,0,11466
3,0,0,11466
4,0,0,11466
5,0,10,11466
5,1,2,11476
1,0,2,11478
1,0,2,11480
1,0,2,11482
1,0,0,11484
2,0,2,11484
1,0,0,11486
2,0,0,11486
3,0,0,11486
4,0,2,11486
1,0,0,11488
2,0,0,11488
3,0,2,11488
1,0,0,11490
2,0,0,11490
3,0,2,11490
1,0,0,11492
2,0,2,11492
1,0,0,11494
2,1,2,11494
1,0,0,11496
2,0,2,11496
1,0,0,11498
2,0,0,11498
3,0,0,11498
4,0,0,11498
5,0,10,11498
5,0,10,11508
5,1,2,11518
1,0,0,11520
2,0,0,11520
3,0,0,11520
4,1,2,11520
1,0,0,11522
2,0,2,11522
1,1,2,11524
1,0,2,11526
1,0,0,11528
2,0,0,11528
3,0,0,11528
4,0,0,11528
5,1,10,11528
5,0,10,11538
5,0,10,11548
5,0,10,11558
5,0,2,11568
1,0,0,11570
2,0,0,11570
3,0,0,11570
4,0,0,11570
5,0,10,11570
5,0,10,11580
5,0,10,11590
5,0,10,11600
5,0,10,11610
5,0,2,11620
1,0,0,11622
2,0,0,11622
3,0,0,11622
4,0,0,11622
5,0,10,11622
5,0,10,11632
5,0,10,11642
5,0,10,11652
5,1,2,11662
1,0,0,11664
2,0,2,11664
1,1,0,11666
2,0,2,11666
1,0,2,11668
1,0,2,11670
1,0,0,11672
2,0,2,11672
1,0,0,11674
2,0,0,11674
3,0,2,11674
1,0,0,11676
2,0,0,11676
3,0,0,11676
4,0,0,11676
5,0,2,11676
1,0,0,11678
2,1,2,11678
1,0,0,11680
2,1,2,11680
1,0,0,11682
2,0,0,11682
3,0,2,11682
1,0,0,11684
2,0,0,11684
3,0,2,11684
1,0,0,11686
2,0,0,11686
3,0,0,11686
4,0,0,11686
5,0,10,11686
5,0,10,11696
5,1,2,11706
1,1,2,11708
1,0,0,11710
2,0,0,11710
3,0,0,11710
4,0,0,11710
5,0,2,11710
1,0,0,11712
2,0,2,11712
1,0,0,11714
2,0,0,11714
3,0,2,11714
1,1,2,11716
1,0,2,11718
1,0,0,11720
2,0,0,11720
3,1,2,11720
1,0,0,11722
2,0,0,11722
3,0,0,11722
4,0,0,11722
5,0,10,11722
5,0,10,11732
5,0,10,11742
5,0,10,11752
5,0,10,11762
5,0,10,11772
5,0,10,11782
5,0,10,11792
5,0,10,11802
5,0,2,11812
1,0,2,11814
1,0,2,11816
1,0,0,11818
2,0,0,11818
3,0,0,11818
4,0,0,11818
5,0,2,11818
1,0,0,11820
2,0,0,11820
3,0,0,11820
4,0,0,11820
5,0,10,11820
5,0,10,11830
5,0,10,11840
5,0,10,11850
5,0,10,11860
5,0,10,11870
5,0,10,11880
5,0,10,11890
5,1,2,11900
1,0,0,11902
2,0,2,11902
1,0,0,11904
2,1,2,11904
1,0,2,11906
1,0,0,11908
2,0,0,11908
3,0,0,11908
4,0,0,11908
5,0,10,11908
5,0,2,11918
1,0,0,11920
2,0,0,11920
3,0,0,11920
4,0,0,11920
5,0,10,11920
5,0,10,11930
5,1,2,11940
1,0,0,11942
2,0,0,11942
3,0,0,11942
4,0,0,11942
5,0,10,11942
5,0,10,11952
5,0,10,11962
5,0,10,11972
5,0,10,11982
5,0,10,11992
5,1,10,12002
5,0,10,12012
5,0,10,12022
5,0,2,12032
1,0,0,12034
2,0,0,12034
3,1,2,12034
1,0,0,12036
2,0,0,12036
3,1,2,12036
1,0,2,12038
1,0,0,12040
2,1,2,12040
1,0,2,12042
1,0,0,12044
2,0,2,12044
1,0,0,12046
2,0,0,12046
3,0,0,12046
4,0,0,12046
5,0,10,12046
5,0,10,12056
5,1,2,12066
1,0,2,12068
1,0,0,12070
2,0,0,12070
3,0,0,12070
4,0,2,12070
1,0,2,12072
1,0,2,12074
1,0,0,12076
2,0,0,12076
3,0,0,12076
4,0,0,12076
5,0,10,12076
5,0,10,12086
5,0,10,12096
5,0,10,12106
5,0,10,12116
5,1,2,12126
1,0,2,12128
1,1,2,12130
1,1,2,12132
1,1,2,12134
1,0,0,12136
2,0,0,12136
3,0,2,12136
1,0,0,12138
2,0,0,12138
3,0,2,12138
1,0,0,12140
2,0,2,12140
1,0,0,12142
2,0,0,12142
3,0,0,12142
4,0,0,12142
5,0,10,12142
5,0,10,12152
5,0,10,12162
5,1,10,12172
5,0,10,12182
5,0,2,12192
1,0,0,12194
2,1,2,12194
1,0,2,12196
1,1,2,12198
1,0,0,12200
2,0,0,12200
3,1,2,12200
1,0,0,12202
2,0,2,12202
1,0,2,12204
1,0,0,12206
2,0,0,12206
3,0,0,12206
4,0,0,12206
5,0,2,12206
1,0,0,12208
2,1,2,12208
1,0,0,12210
2,0,0,12210
3,0,0,12210
4,0,0,12210
5,1,2,12210
1,0,0,12212
2,0,0,12212
3,0,0,12212
4,0,0,12212
5,0,2,12212
1,0,2,12214
1,0,0,12216
2,0,0,12216
3,0,0,12216
4,1,2,12216
1,0,0,12218
2,0,0,12218
3,0,0,12218
4,0,0,12218
5,0,10,12218
5,0,10,12228
5,0,10,12238
5,0,10,12248
5,0,10,12258
5,0,10,12268
5,0,10,12278
5,0,10,12288
5,0,10,12298
5,0,10,12308
5,0,10,12318
5,0,2,12328
1,1,2,12330
1,0,0,12332
2,0,0,12332
3,0,0,12332
4,0,2,12332
1,0,0,12334
2,0,0,12334
3,0,0,12334
4,1,2,12334
1,0,0,12336
2,0,0,12336
3,0,0,12336
4,0,0,12336
5,0,10,12336
5,0,2,12346
1,0,0,12348
2,1,2,12348
1,1,2,12350
1,0,0,12352
2,0,0,12352
3,0,0,12352
4,0,0,12352
5,0,2,12352
1,0,0,12354
2,0,0,12354
3,0,0,12354
4,0,0,12354
5,0,10,12354
5,0,10,12364
5,0,10,12374
5,0,10,12384
5,0,10,12394
5,0,10,12404
5,0,10,12414
5,0,10,12424
5,0,10,12434
5,0,2,12444
1,1,2,12446
1,0,0,12448
2,0,0,12448
3,0,2,12448
1,0,0,12450
2,0,2,12450
1,0,0,12452
2,0,2,12452
1,0,2,12454
1,0,0,12456
2,0,0,12456
3,0,0,12456
4,0,0,12456
5,0,10,12456
5,0,10,12466
5,0,10,12476
5,0,2,12486
1,1,2,12488
1,0,0,12490
2,0,0,12490
3,0,0,12490
4,0,0,12490
5,0,10,12490
5,0,10,12500
5,0,10,12510
5,0,10,12520
5,1,10,12530
5,1,2,12540
1,0,0,12542
2,0,0,12542
3,0,2,12542
1,0,0,12544
2,1,2,12544
1,0,2,12546
1,0,0,12548
2,0,0,12548
3,0,2,12548
1,0,0,12550
2,0,0,12550
3,0,2,12550
1,0,2,12552
1,1,2,12554
1,0,0,12556
2,0,0,12556
3,0,2,12556
1,0,0,12558
2,0,0,12558
3,0,0,12558
4,0,0,12558
5,0,10,12558
5,1,2,12568
1,0,2,12570
1,0,2,12572
1,0,0,12574
2,1,2,12574
1,0,0,12576
2,1,2,12576
1,0,0,12578
2,1,2,12578
1,0,2,12580
1,0,0,12582
2,0,0,12582
3,0,0,12582
4,1,2,12582
1,0,0,12584
2,0,2,12584
1,1,2,12586
1,0,2,12588
1,0,2,12590
1,1,0,12592
2,0,0,12592
3,0,0,12592
4,0,0,12592
5,0,2,12592
1,0,0,12594
2,0,2,12594
1,0,2,12596
1,0,0,12598
2,0,0,12598
3,0,0,12598
4,0,0,12598
5,0,10,12598
5,0,10,12608
5,0,2,12618
1,0,0,12620
2,0,0,12620
3,0,0,12620
4,0,0,12620
5,0,10,12620
5,0,10,12630
5,0,10,12640
5,0,10,12650
5,0,10,12660
5,1,10,12670
5,0,10,12680
5,0,10,12690
5,0,2,12700
1,0,0,12702
2,0,0,12702
3,0,2,12702
1,0,0,12704
2,0,0,12704
3,0,0,12704
4,0,0,12704
5,0,10,12704
5,0,10,12714
5,0,10,12724
5,0,10,12734
5,0,10,12744
5,0,10,12754
5,0,2,12764
1,0,0,12766
2,1,2,12766
1,0,0,12768
2,0,0,12768
3,0,0,12768
4,0,0,12768
5,0,10,12768
5,0,10,12778
5,1,2,12788
1,0,0,12790
2,0,0,12790
3,0,0,12790
4,0,0,12790
5,0,10,12790
5,0,10,12800
5,0,10,12810
5,0,2,12820
1,0,2,12822
1,1,2,12824
1,0,2,12826
1,1,2,12828
1,0,2,12830
1,1,2,12832
1,0,0,12834
2,0,0,12834
3,0,0,12834
4,0,0,12834
5,0,10,12834
5,1,2,12844
1,0,0,12846
2,1,0,12846
3,0,2,12846
1,0,0,12848
2,0,0,12848
3,0,0,12848
4,0,0,12848
5,0,10,12848
5,0,2,12858
1,0,0,12860
2,0,0,12860
3,0,0,12860
4,0,0,12860
5,1,10,12860
5,0,10,12870
5,0,2,12880
1,0,0,12882
2,0,2,12882
1,0,0,12884
2,0,0,12884
3,0,0,12884
4,0,2,12884
1,0,0,12886
2,0,2,12886
1,0,0,12888
2,0,0,12888
3,0,2,12888
1,0,0,12890
2,0,0,12890
3,0,0,12890
4,0,0,12890
5,0,10,12890
5,0,10,12900
5,0,2,12910
1,0,0,12912
2,0,0,12912
3,0,0,12912
4,0,0,12912
5,0,10,12912
5,0,10,12922
5,1,2,12932
1,0,2,12934
1,1,2,12936
1,0,0,12938
2,0,2,12938
1,0,0,12940
2,0,2,12940
1,0,2,12942
1,1,2,12944
1,0,2,12946
1,0,0,12948
2,0,0,12948
3,0,0,12948
4,0,2,12948
1,0,0,12950
2,0,2,12950
1,0,2,12952
1,0,0,12954
2,0,0,12954
3,0,0,12954
4,1,2,12954
1,0,0,12956
2,0,0,12956
3,0,0,12956
4,0,2,12956
1,0,0,12958
2,0,2,12958
1,0,0,12960
2,0,0,12960
3,0,0,12960
4,0,0,12960
5,0,2,12960
1,0,0,12962
2,0,0,12962
3,0,0,12962
4,0,0,12962
5,0,10,12962
5,0,10,12972
5,0,10,12982
5,0,10,12992
5,0,2,13002
1,1,2,13004
1,0,0,13006
2,0,0,13006
3,0,0,13006
4,0,0,13006
5,0,2,13006
1,0,2,13008
1,0,0,13010
2,0,0,13010
3,0,0,13010
4,0,0,13010
5,0,10,13010
5,0,2,13020
1,0,2,13022
1,0,0,13024
2,0,2,13024
1,0,0,13026
2,0,0,13026
3,0,2,13026
1,0,0,13028
2,0,0,13028
3,0,0,13028
4,0,2,13028
1,0,0,13030
2,0,0,13030
3,0,0,13030
4,0,0,13030
5,0,10,13030
5,0,10,13040
5,0,10,13050
5,1,10,13060
5,0,10,13070
5,0,10,13080
5,1,2,13090
1,0,0,13092
2,0,0,13092
3,0,2,13092
1,1,0,13094
2,0,0,13094
3,0,0,13094
4,0,2,13094
1,0,0,13096
2,0,0,13096
3,0,2,13096
1,0,0,13098
2,0,0,13098
3,0,2,13098
1,0,0,13100
2,0,0,13100
3,1,2,13100
1,0,0,13102
2,0,0,13102
3,0,0,13102
4,0,0,13102
5,1,2,13102
1,0,2,13104
1,0,2,13106
1,1,2,13108
1,0,0,13110
2,0,0,13110
3,0,0,13110
4,1,2,13110
1,0,0,13112
2,0,0,13112
3,0,2,13112
1,0,0,13114
2,0,0,13114
3,0,0,13114
4,0,2,13114
1,0,0,13116
2,0,2,13116
1,0,0,13118
2,0,0,13118
3,0,0,13118
4,1,2,13118
1,0,0,13120
2,0,0,13120
3,1,2,13120
1,0,0,13122
2,0,0,13122
3,1,2,13122
1,0,2,13124
1,1,2,13126
1,0,0,13128
2,0,2,13128
1,0,0,13130
2,0,0,13130
3,0,0,13130
4,0,0,13130
5,0,10,13130
5,0,10,13140
5,0,10,13150
5,0,10,13160
5,0,10,13170
5,0,10,13180
5,0,10,13190
5,0,10,13200
5,0,10,13210
5,1,2,13220
1,0,0,13222
2,0,0,13222
3,0,0,13222
4,0,0,13222
5,0,10,13222
5,0,10,13232
5,0,2,13242
1,0,0,13244
2,0,0,13244
3,0,0,13244
4,0,0,13244
5,0,10,13244
5,0,10,13254
5,0,10,13264
5,0,2,13274
1,1,0,13276
2,0,0,13276
3,0,2,13276
1,1,0,13278
2,0,0,13278
3,0,0,13278
4,0,0,13278
5,0,10,13278
5,0,10,13288
5,0,2,13298
1,0,2,13300
1,1,2,13302
1,0,0,13304
2,0,0,13304
3,1,2,13304
1,0,0,13306
2,0,2,13306
1,0,2,13308
1,0,2,13310
1,0,0,13312
2,0,0,13312
3,0,0,13312
4,0,0,13312
5,0,10,13312
5,0,10,13322
5,0,10,13332
5,1,2,13342
1,1,0,13344
2,0,2,13344
1,0,0,13346
2,0,0,13346
3,0,0,13346
4,0,0,13346
5,0,10,13346
5,0,2,13356
1,0,2,13358
1,0,0,13360
2,0,0,13360
3,0,0,13360
4,0,0,13360
5,1,2,13360
1,1,2,13362
1,0,2,13364
1,0,0,13366
2,0,0,13366
3,0,0,13366
4,0,0,13366
5,0,10,13366
5,0,10,13376
5,0,10,13386
5,0,2,13396
1,0,0,13398
2,0,0,13398
3,0,0,13398
4,0,0,13398
5,0,10,13398
5,0,10,13408
5,0,10,13418
5,0,10,13428
5,0,10,13438
5,0,10,13448
5,1,2,13458
1,0,0,13460
2,0,2,13460
1,0,0,13462
2,0,0,13462
3,0,0,13462
4,0,0,13462
5,0,2,13462
1,0,0,13464
2,0,0,13464
3,0,0,13464
4,0,0,13464
5,0,10,13464
5,0,10,13474
5,0,10,13484
5,1,2,13494
1,0,0,13496
2,0,0,13496
3,0,0,13496
4,0,0,13496
5,0,10,13496
5,0,10,13506
5,0,10,13516
5,0,10,13526
5,0,2,13536
1,1,2,13538
1,0,0,13540
2,0,0,13540
3,1,2,13540
1,1,2,13542
1,0,0,13544
2,0,0,13544
3,0,0,13544
4,0,0,13544
5,0,10,13544
5,0,10,13554
5,0,2,13564
1,0,0,13566
2,0,0,13566
3,0,0,13566
4,0,2,13566
1,0,2,13568
1,0,0,13570
2,0,0,13570
3,0,0,13570
4,0,0,13570
5,0,2,13570
1,0,0,13572
2,0,0,13572
3,0,2,13572
1,0,0,13574
2,0,0,13574
3,0,0,13574
4,0,0,13574
5,0,2,13574
1,0,0,13576
2,0,0,13576
3,1,2,13576
1,0,0,13578
2,0,0,13578
3,0,0,13578
4,0,0,13578
5,0,10,13578
5,0,2,13588
1,0,0,13590
2,0,2,13590
1,0,0,13592
2,0,0,13592
3,0,0,13592
4,0,0,13592
5,0,10,13592
5,0,10,13602
5,0,10,13612
5,0,10,13622
5,1,2,13632
1,0,0,13634
2,1,2,13634
1,0,0,13636
2,0,0,13636
3,0,2,13636
1,0,0,13638
2,0,0,13638
3,0,0,13638
4,0,0,13638
5,0,10,13638
5,0,10,13648
5,0,10,13658
5,0,2,13668
1,0,0,13670
2,0,0,13670
3,0,0,13670
4,1,2,13670
1,0,0,13672
2,0,0,13672
3,0,0,13672
4,0,0,13672
5,1,10,13672
5,0,10,13682
5,0,10,13692
5,0,10,13702
5,0,2,13712
1,0,0,13714
2,0,2,13714
1,0,0,13716
2,0,0,13716
3,1,2,13716
1,0,0,13718
2,0,0,13718
3,0,0,13718
4,0,2,13718
1,0,0,13720
2,0,2,13720
1,0,2,13722
1,1,2,13724
1,0,0,13726
2,0,2,13726
1,0,0,13728
2,0,0,13728
3,0,0,13728
4,0,0,13728
5,0,10,13728
5,0,2,13738
1,0,0,13740
2,0,0,13740
3,0,2,13740
1,0,0,13742
2,0,0,13742
3,0,0,13742
4,0,0,13742
5,0,2,13742
1,0,0,13744
2,0,0,13744
3,0,2,13744
1,0,2,13746
1,0,2,13748
1,0,0,13750
2,0,0,13750
3,0,0,13750
4,1,2,13750
1,0,0,13752
2,0,0,13752
3,0,0,13752
4,0,0,13752
5,0,10,13752
5,0,10,13762
5,1,2,13772
1,0,0,13774
2,0,0,13774
3,1,2,13774
1,0,0,13776
2,0,2,13776
1,0,0,13778
2,0,2,13778
1,0,0,13780
2,1,0,13780
3,1,2,13780
1,0,0,13782
2,0,0,13782
3,0,0,13782
4,0,0,13782
5,1,2,13782
1,1,2,13784
1,0,0,13786
2,0,0,13786
3,1,2,13786
1,0,0,13788
2,0,0,13788
3,0,0,13788
4,0,0,13788
5,0,2,13788
1,0,0,13790
2,0,0,13790
3,0,0,13790
4,0,0,13790
5,1,10,13790
5,1,2,13800
1,0,0,13802
2,0,0,13802
3,0,0,13802
4,0,0,13802
5,0,10,13802
5,0,2,13812
1,0,0,13814
2,1,2,13814
1,0,0,13816
2,0,2,13816
1,0,0,13818
2,0,0,13818
3,0,0,13818
4,0,0,13818
5,0,10,13818
5,1,2,13828
1,1,2,13830
1,0,0,13832
2,0,0,13832
3,0,0,13832
4,0,0,13832
5,1,2,13832
1,0,0,13834
2,0,0,13834
3,0,0,13834
4,0,0,13834
5,0,10,13834
5,0,2,13844
1,0,0,13846
2,0,0,13846
3,1,2,13846
1,0,0,13848
2,1,2,13848
1,0,0,13850
2,0,0,13850
3,0,2,13850
1,0,0,13852
2,0,0,13852
3,0,2,13852
1,0,0,13854
2,0,2,13854
1,0,0,13856
2,0,0,13856
3,0,0,13856
4,0,0,13856
5,0,10,13856
5,0,10,13866
5,0,2,13876
1,0,0,13878
2,0,0,13878
3,0,0,13878
4,0,2,13878
1,0,0,13880
2,0,0,13880
3,0,0,13880
4,0,0,13880
5,0,2,13880
1,0,0,13882
2,0,0,13882
3,0,0,13882
4,0,2,13882
1,0,2,13884
1,0,0,13886
2,0,2,13886
1,0,2,13888
1,0,0,13890
2,0,0,13890
3,1,2,13890
1,0,2,13892
1,0,0,13894
2,0,0,13894
3,0,2,13894
1,0,0,13896
2,0,2,13896
1,0,0,13898
2,0,0,13898
3,1,0,13898
4,1,2,13898
1,0,0,13900
2,0,0,13900
3,0,0,13900
4,0,0,13900
5,0,2,13900
1,0,0,13902
2,0,2,13902
1,0,2,13904
1,0,0,13906
2,0,0,13906
3,0,0,13906
4,0,2,13906
1,0,0,13908
2,0,2,13908
1,1,2,13910
1,1,0,13912
2,0,0,13912
3,0,0,13912
4,0,0,13912
5,0,2,13912
1,0,0,13914
2,0,0,13914
3,1,2,13914
1,0,0,13916
2,0,0,13916
3,0,0,13916
4,0,2,13916
1,0,0,13918
2,1,0,13918
3,0,2,13918
1,0,0,13920
2,0,2,13920
1,0,0,13922
2,0,2,13922
1,1,2,13924
1,1,0,13926
2,0,0,13926
3,0,0,13926
4,1,2,13926
1,0,2,13928
1,1,2,13930
1,0,0,13932
2,1,0,13932
3,0,0,13932
4,0,0,13932
5,0,10,13932
5,1,10,13942
5,0,10,13952
5,0,10,13962
5,0,10,13972
5,0,10,13982
5,0,10,13992
5,0,2,14002
1,0,0,14004
2,0,0,14004
3,1,2,14004
1,0,2,14006
1,1,2,14008
1,0,0,14010
2,0,0,14010
3,0,0,14010
4,0,2,14010
1,0,0,14012
2,0,0,14012
3,0,0,14012
4,0,0,14012
5,0,2,14012
1,0,0,14014
2,0,0,14014
3,0,0,14014
4,0,2,14014
1,0,0,14016
2,0,0,14016
3,0,2,14016
1,0,0,14018
2,0,0,14018
3,1,2,14018
1,0,0,14020
2,0,0,14020
3,0,0,14020
4,0,2,14020
1,0,0,14022
2,0,0,14022
3,0,0,14022
4,0,2,14022
1,0,0,14024
2,0,2,14024
1,0,0,14026
2,1,2,14026
1,0,0,14028
2,1,2,14028
1,0,0,14030
2,0,0,14030
3,1,2,14030
1,0,0,14032
2,0,0,14032
3,0,2,14032
1,0,0,14034
2,0,0,14034
3,0,0,14034
4,0,2,14034
1,1,2,14036
1,0,0,14038
2,0,2,14038
1,0,0,14040
2,1,2,14040
1,0,0,14042
2,0,0,14042
3,0,0,14042
4,0,0,14042
5,0,10,14042
5,0,10,14052
5,0,2,14062
1,0,0,14064
2,0,0,14064
3,0,0,14064
4,0,0,14064
5,0,10,14064
5,0,10,14074
5,1,10,14084
5,0,10,14094
5,0,10,14104
5,0,10,14114
5,0,10,14124
5,0,10,14134
5,0,10,14144
5,0,10,14154
5,0,10,14164
5,0,10,14174
5,1,2,14184
1,0,0,14186
2,0,2,14186
1,0,0,14188
2,0,0,14188
3,0,2,14188
1,0,0,14190
2,0,0,14190
3,0,0,14190
4,0,0,14190
5,0,10,14190
5,0,10,14200
5,0,10,14210
5,0,10,14220
5,0,10,14230
5,0,10,14240
5,0,10,14250
5,0,10,14260
5,0,10,14270
5,1,2,14280
1,0,0,14282
2,0,2,14282
1,0,0,14284
2,1,2,14284
1,0,0,14286
2,0,0,14286
3,0,0,14286
4,0,0,14286
5,0,2,14286
1,0,0,14288
2,0,0,14288
3,0,0,14288
4,0,2,14288
1,0,0,14290
2,0,0,14290
3,0,0,14290
4,0,0,14290
5,0,10,14290
5,0,2,14300
1,1,2,14302
1,0,0,14304
2,1,2,14304
1,0,2,14306
1,1,0,14308
2,0,0,14308
3,0,0,14308
4,0,0,14308
5,0,10,14308
5,0,10,14318
5,0,10,14328
5,0,10,14338
5,0,2,14348
1,1,2,14350
1,0,0,14352
2,0,0,14352
3,0,2,14352
1,0,0,14354
2,0,0,14354
3,0,2,14354
1,0,0,14356
2,0,2,14356
1,0,0,14358
2,1,2,14358
1,0,0,14360
2,0,0,14360
3,0,0,14360
4,0,0,14360
5,1,2,14360
1,0,0,14362
2,0,2,14362
1,0,0,14364
2,0,0,14364
3,0,2,14364
1,0,0,14366
2,0,2,14366
1,0,0,14368
2,0,2,14368
1,0,0,14370
2,0,2,14370
1,0,0,14372
2,0,2,14372
1,0,0,14374
2,0,0,14374
3,0,2,14374
1,0,0,14376
2,0,0,14376
3,0,2,14376
1,0,0,14378
2,0,0,14378
3,1,2,14378
1,0,0,14380
2,0,2,14380
1,0,0,14382
2,0,0,14382
3,0,2,14382
1,1,0,14384
2,0,0,14384
3,1,2,14384
1,0,2,14386
1,1,2,14388
1,0,0,14390
2,0,0,14390
3,0,0,14390
4,0,2,14390
1,0,0,14392
2,0,0,14392
3,0,0,14392
4,0,0,14392
5,1,10,14392
5,0,2,14402
1,0,0,14404
2,0,0,14404
3,0,2,14404
1,0,0,14406
2,1,2,14406
1,0,0,14408
2,0,0,14408
3,0,0,14408
4,0,2,14408
1,0,0,14410
2,0,0,14410
3,0,0,14410
4,0,0,14410
5,0,2,14410
1,1,2,14412
1,0,0,14414
2,0,0,14414
3,0,0,14414
4,0,0,14414
5,0,10,14414
5,0,10,14424
5,0,10,14434
5,0,2,14444
1,0,0,14446
2,0,0,14446
3,0,0,14446
4,0,0,14446
5,0,10,14446
5,1,2,14456
1,0,2,14458
1,0,0,14460
2,0,2,14460
1,0,0,14462
2,0,0,14462
3,0,0,14462
4,0,0,14462
5,0,10,14462
5,0,10,14472
5,0,10,14482
5,0,10,14492
5,0,2,14502
1,0,0,14504
2,0,2,14504
1,0,0,14506
2,1,2,14506
1,0,0,14508
2,0,0,14508
3,0,0,14508
4,0,0,14508
5,0,2,14508
1,1,2,14510
1,0,0,14512
2,0,0,14512
3,0,0,14512
4,0,0,14512
5,1,2,14512
1,0,0,14514
2,0,0,14514
3,1,2,14514
1,0,2,14516
1,0,0,14518
2,0,0,14518
3,1,2,14518
1,0,0,14520
2,0,0,14520
3,0,2,14520
1,0,2,14522
1,0,0,14524
2,0,0,14524
3,0,2,14524
1,0,0,14526
2,0,0,14526
3,0,2,14526
1,0,2,14528
1,0,0,14530
2,1,2,14530
1,0,2,14532
1,0,0,14534
2,0,0,14534
3,0,0,14534
4,1,2,14534
1,0,0,14536
2,1,2,14536
1,0,0,14538
2,0,0,14538
3,0,0,14538
4,0,0,14538
5,0,10,14538
5,0,10,14548
5,0,10,14558
5,0,10,14568
5,0,10,14578
5,0,10,14588
5,0,10,14598
5,0,10,14608
5,0,10,14618
5,0,2,14628
1,0,0,14630
2,1,2,14630
1,1,2,14632
1,0,2,14634
1,0,0,14636
2,0,0,14636
3,0,0,14636
4,0,0,14636
5,0,10,14636
5,1,2,14646
1,0,0,14648
2,0,2,14648
1,0,0,14650
2,0,0,14650
3,1,2,14650
1,0,2,14652
1,0,0,14654
2,0,0,14654
3,0,0,14654
4,0,2,14654
1,0,0,14656
2,0,0,14656
3,0,0,14656
4,0,0,14656
5,0,2,14656
1,0,0,14658
2,1,2,14658
1,1,2,14660
1,0,2,14662
1,0,0,14664
2,0,0,14664
3,0,2,14664
1,0,0,14666
2,1,2,14666
1,0,2,14668
1,0,2,14670
1,0,2,14672
1,1,2,14674
1,0,0,14676
2,0,0,14676
3,0,0,14676
4,0,2,14676
1,0,0,14678
2,1,2,14678
1,0,0,14680
2,0,0,14680
3,0,0,14680
4,0,0,14680
5,0,10,14680
5,0,10,14690
5,0,2,14700
1,0,0,14702
2,0,0,14702
3,0,0,14702
4,0,0,14702
5,0,10,14702
5,0,10,14712
5,0,2,14722
1,1,2,14724
1,0,0,14726
2,0,0,14726
3,0,0,14726
4,0,0,14726
5,0,10,14726
5,0,10,14736
5,1,2,14746
1,0,0,14748
2,0,0,14748
3,0,0,14748
4,0,0,14748
5,0,2,14748
1,0,0,14750
2,0,0,14750
3,0,2,14750
1,0,0,14752
2,0,0,14752
3,0,0,14752
4,0,0,14752
5,0,10,14752
5,0,10,14762
5,1,2,14772
1,0,0,14774
2,0,0,14774
3,0,0,14774
4,0,0,14774
5,0,10,14774
5,0,10,14784
5,0,10,14794
5,0,2,14804
1,0,2,14806
1,1,2,14808
1,1,2,14810
1,0,0,14812
2,0,0,14812
3,0,0,14812
4,0,0,14812
5,0,2,14812
1,0,0,14814
2,1,2,14814
1,1,2,14816
1,1,2,14818
1,0,0,14820
2,0,0,14820
3,0,0,14820
4,1,2,14820
1,0,2,14822
1,0,0,14824
2,0,0,14824
3,0,0,14824
4,0,0,14824
5,0,10,14824
5,0,10,14834
5,0,10,14844
5,0,10,14854
5,0,10,14864
5,0,10,14874
5,0,10,14884
5,1,2,14894
1,0,0,14896
2,0,0,14896
3,0,0,14896
4,0,0,14896
5,0,2,14896
1,0,0,14898
2,0,0,14898
3,0,0,14898
4,0,0,14898
5,0,10,14898
5,0,10,14908
5,0,10,14918
5,1,2,14928
1,0,0,14930
2,1,0,14930
3,0,0,14930
4,0,0,14930
5,0,10,14930
5,0,10,14940
5,0,10,14950
5,0,2,14960
1,0,0,14962
2,0,0,14962
3,0,0,14962
4,0,2,14962
1,0,0,14964
2,0,0,14964
3,0,0,14964
4,0,0,14964
5,0,10,14964
5,1,2,14974
1,0,0,14976
2,0,0,14976
3,0,0,14976
4,0,0,14976
5,0,10,14976
5,0,10,14986
5,0,10,14996
5,0,2,15006
1,0,0,15008
2,0,0,15008
3,1,2,15008
1,0,0,15010
2,0,0,15010
3,0,0,15010
4,1,2,15010
1,0,0,15012
2,0,2,15012
1,1,2,15014
1,1,2,15016
1,0,0,15018
2,1,2,15018
1,0,0,15020
2,0,0,15020
3,0,0,15020
4,0,2,15020
1,0,0,15022
2,0,2,15022
1,0,0,15024
2,0,0,15024
3,0,0,15024
4,1,2,15024
1,0,0,15026
2,0,0,15026
3,0,0,15026
4,0,0,15026
5,0,10,15026
5,0,10,15036
5,0,10,15046
5,0,10,15056
5,0,2,15066
1,0,0,15068
2,0,0,15068
3,0,0,15068
4,0,0,15068
5,0,10,15068
5,0,10,15078
5,0,10,15088
5,1,2,15098
1,1,2,15100
1,0,0,15102
2,0,2,15102
1,1,0,15104
2,1,2,15104
1,1,2,15106
1,1,0,15108
2,0,2,15108
1,0,0,15110
2,0,0,15110
3,1,0,15110
4,0,2,15110
1,0,2,15112
1,1,2,15114
1,0,0,15116
2,1,0,15116
3,0,0,15116
4,0,0,15116
5,0,10,15116
5,0,10,15126
5,0,10,15136
5,0,10,15146
5,0,2,15156
1,0,0,15158
2,0,0,15158
3,0,2,15158
1,0,2,15160
1,0,0,15162
2,0,0,15162
3,0,0,15162
4,1,2,15162
1,0,0,15164
2,0,0,15164
3,0,0,15164
4,0,2,15164
1,0,0,15166
2,0,0,15166
3,0,0,15166
4,1,2,15166
1,1,2,15168
1,1,2,15170
1,1,2,15172
1,0,0,15174
2,0,2,15174
1,0,0,15176
2,0,0,15176
3,0,0,15176
4,0,0,15176
5,0,2,15176
1,1,0,15178
2,0,0,15178
3,0,0,15178
4,0,0,15178
5,0,10,15178
5,0,10,15188
5,0,10,15198
5,0,10,15208
5,0,10,15218
5,0,10,15228
5,0,10,15238
5,0,10,15248
5,0,10,15258
5,0,2,15268
1,0,0,15270
2,0,0,15270
3,1,0,15270
4,0,0,15270
5,0,2,15270
1,0,0,15272
2,0,0,15272
3,0,0,15272
4,1,2,15272
1,1,2,15274
1,1,2,15276
1,0,0,15278
2,0,0,15278
3,0,0,15278
4,0,0,15278
5,0,10,15278
5,0,10,15288
5,0,10,15298
5,0,10,15308
5,0,10,15318
5,0,10,15328
5,0,10,15338
5,0,10,15348
5,0,10,15358
5,0,10,15368
5,0,10,15378
5,0,10,15388
5,1,10,15398
5,0,10,15408
5,0,2,15418
1,0,2,15420
1,0,2,15422
1,1,0,15424
2,0,0,15424
3,0,2,15424
1,0,0,15426
2,0,0,15426
3,0,0,15426
4,0,0,15426
5,0,10,15426
5,0,10,15436
5,0,10,15446
5,0,10,15456
5,0,10,15466
5,0,2,15476
1,0,2,15478
1,0,0,15480
2,0,0,15480
3,0,2,15480
1,0,0,15482
2,0,0,15482
3,0,0,15482
4,0,0,15482
5,0,10,15482
5,1,10,15492
5,0,10,15502
5,0,10,15512
5,0,10,15522
5,0,10,15532
5,0,10,15542
5,0,10,15552
5,0,10,15562
5,0,10,15572
5,0,10,15582
5,0,10,15592
5,0,10,15602
5,1,2,15612
1,1,2,15614
1,0,0,15616
2,0,2,15616
1,0,2,15618
1,1,0,15620
2,0,0,15620
3,0,0,15620
4,0,0,15620
5,0,10,15620
5,1,2,15630
1,0,0,15632
2,0,0,15632
3,0,0,15632
4,0,0,15632
5,0,2,15632
1,0,0,15634
2,0,0,15634
3,0,2,15634
1,0,0,15636
2,0,0,15636
3,0,0,15636
4,0,0,15636
5,0,10,15636
5,1,2,15646
1,0,0,15648
2,0,0,15648
3,0,0,15648
4,1,2,15648
1,0,0,15650
2,0,0,15650
3,0,0,15650
4,0,0,15650
5,0,10,15650
5,0,10,15660
5,0,10,15670
5,0,10,15680
5,1,2,15690
1,0,0,15692
2,0,0,15692
3,0,2,15692
1,0,2,15694
1,1,2,15696
1,0,0,15698
2,0,0,15698
3,0,0,15698
4,0,0,15698
5,0,10,15698
5,1,2,15708
1,1,0,15710
2,1,2,15710
1,0,0,15712
2,0,0,15712
3,0,2,15712
1,0,2,15714
1,1,2,15716
1,0,0,15718
2,0,0,15718
3,0,0,15718
4,0,0,15718
5,0,10,15718
5,0,2,15728
1,0,0,15730
2,0,0,15730
3,0,0,15730
4,0,2,15730
1,0,0,15732
2,0,0,15732
3,0,0,15732
4,0,0,15732
5,0,10,15732
5,0,10,15742
5,0,10,15752
5,0,10,15762
5,0,10,15772
5,0,10,15782
5,0,10,15792
5,0,10,15802
5,0,10,15812
5,1,2,15822
1,0,0,15824
2,0,2,15824
1,0,0,15826
2,0,0,15826
3,0,2,15826
1,0,2,15828
1,1,2,15830
1,0,0,15832
2,0,0,15832
3,0,0,15832
4,0,0,15832
5,0,10,15832
5,0,2,15842
1,1,2,15844
1,0,0,15846
2,0,0,15846
3,0,0,15846
4,0,0,15846
5,0,2,15846
1,0,0,15848
2,0,0,15848
3,0,0,15848
4,0,2,15848
1,0,0,15850
2,0,0,15850
3,0,0,15850
4,0,0,15850
5,0,2,15850
1,0,0,15852
2,0,0,15852
3,0,2,15852
1,0,0,15854
2,0,0,15854
3,0,0,15854
4,0,0,15854
5,0,2,15854
1,0,2,15856
1,0,2,15858
1,1,2,15860
1,0,0,15862
2,0,0,15862
3,0,0,15862
4,0,2,15862
1,0,0,15864
2,0,0,15864
3,0,0,15864
4,1,2,15864
1,0,0,15866
2,0,0,15866
3,0,0,15866
4,0,0,15866
5,0,10,15866
5,0,10,15876
5,0,10,15886
5,0,10,15896
5,0,10,15906
5,0,10,15916
5,0,10,15926
5,0,10,15936
5,0,10,15946
5,0,2,15956
1,0,0,15958
2,0,2,15958
1,0,0,15960
2,1,2,15960
1,0,0,15962
2,0,0,15962
3,0,0,15962
4,0,0,15962
5,0,10,15962
5,0,10,15972
5,0,10,15982
5,0,10,15992
5,0,10,16002
5,0,10,16012
5,0,10,16022
5,0,10,16032
5,0,2,16042
1,0,0,16044
2,0,0,16044
3,0,2,16044
1,1,2,16046
1,1,2,16048
1,0,0,16050
2,0,0,16050
3,0,0,16050
4,0,0,16050
5,0,10,16050
5,0,10,16060
5,0,2,16070
1,0,2,16072
1,1,2,16074
1,0,2,16076
1,0,2,16078
1,0,0,16080
2,0,0,16080
3,0,0,16080
4,0,2,16080
1,0,0,16082
2,1,2,16082
1,0,2,16084
1,0,0,16086
2,0,0,16086
3,0,0,16086
4,1,0,16086
5,0,10,16086
5,0,2,16096
1,0,0,16098
2,0,0,16098
3,0,0,16098
4,0,0,16098
5,0,2,16098
1,0,0,16100
2,0,0,16100
3,1,2,16100
1,0,0,16102
2,0,0,16102
3,0,0,16102
4,1,2,16102
1,0,0,16104
2,1,2,16104
1,1,2,16106
1,0,2,16108
1,0,0,16110
2,0,0,16110
3,0,2,16110
1,0,0,16112
2,0,0,16112
3,0,0,16112
4,0,0,16112
5,0,10,16112
5,0,10,16122
5,0,10,16132
5,0,10,16142
5,0,10,16152
5,0,10,16162
5,0,10,16172
5,0,2,16182
1,0,0,16184
2,0,0,16184
3,0,2,16184
1,0,0,16186
2,0,0,16186
3,1,2,16186
1,0,0,16188
2,0,0,16188
3,1,0,16188
4,0,0,16188
5,0,10,16188
5,0,10,16198
5,0,10,16208
5,0,10,16218
5,0,2,16228
1,0,0,16230
2,0,0,16230
3,0,0,16230
4,0,0,16230
5,0,10,16230
5,0,10,16240
5,0,10,16250
5,0,10,16260
5,0,10,16270
5,0,10,16280
5,0,10,16290
5,0,10,16300
5,0,2,16310
1,0,0,16312
2,1,2,16312
1,0,2,16314
1,0,0,16316
2,0,0,16316
3,0,0,16316
4,0,0,16316
5,0,2,16316
1,0,0,16318
2,0,0,16318
3,0,0,16318
4,0,0,16318
5,0,10,16318
5,0,10,16328
5,1,2,16338
1,0,0,16340
2,0,0,16340
3,1,2,16340
1,0,0,16342
2,0,0,16342
3,0,0,16342
4,0,0,16342
5,0,10,16342
5,0,10,16352
5,0,10,16362
5,0,10,16372
5,0,10,16382
5,0,10,16392
5,0,10,16402
5,0,10,16412
5,0,10,16422
5,0,10,16432
5,0,10,16442
5,1,2,16452
1,1,2,16454
1,0,0,16456
2,0,0,16456
3,1,2,16456
1,1,2,16458
1,0,0,16460
2,0,0,16460
3,0,0,16460
4,0,2,16460
1,0,0,16462
2,0,2,16462
1,0,0,16464
2,0,2,16464
1,0,0,16466
2,0,0,16466
3,0,0,16466
4,0,0,16466
5,0,10,16466
5,0,10,16476
5,0,10,16486
5,0,10,16496
5,0,10,16506
5,0,2,16516
1,1,2,16518
1,1,2,16520
1,0,0,16522
2,0,0,16522
3,0,0,16522
4,0,0,16522
5,0,10,16522
5,0,10,16532
5,0,10,16542
5,0,10,16552
5,0,2,16562
1,0,2,16564
1,0,0,16566
2,0,0,16566
3,0,2,16566
1,0,0,16568
2,0,0,16568
3,0,0,16568
4,0,0,16568
5,0,10,16568
5,0,2,16578
1,0,0,16580
2,0,2,16580
1,0,0,16582
2,0,0,16582
3,0,0,16582
4,0,0,16582
5,0,10,16582
5,0,10,16592
5,1,2,16602
1,0,0,16604
2,0,0,16604
3,0,0,16604
4,0,2,16604
1,1,0,16606
2,0,0,16606
3,0,0,16606
4,0,2,16606
1,0,0,16608
2,0,0,16608
3,0,0,16608
4,1,0,16608
5,0,10,16608
5,0,10,16618
5,1,2,16628
1,0,2,16630
1,1,2,16632
1,0,0,16634
2,1,2,16634
1,0,0,16636
2,0,0,16636
3,0,0,16636
4,1,2,16636
1,0,0,16638
2,0,0,16638
3,0,0,16638
4,0,0,16638
5,0,10,16638
5,1,2,16648
1,1,2,16650
1,0,0,16652
2,0,0,16652
3,0,0,16652
4,0,0,16652
5,0,10,16652
5,0,10,16662
5,0,10,16672
5,0,10,16682
5,1,2,16692
1,1,2,16694
1,0,0,16696
2,0,0,16696
3,0,2,16696
1,0,0,16698
2,0,0,16698
3,0,0,16698
4,0,0,16698
5,0,10,16698
5,0,10,16708
5,0,10,16718
5,0,2,16728
1,0,2,16730
1,0,0,16732
2,0,0,16732
3,0,2,16732
1,0,2,16734
1,1,2,16736
1,0,0,16738
2,0,0,16738
3,0,0,16738
4,0,0,16738
5,0,10,16738
5,0,2,16748
1,0,0,16750
2,0,0,16750
3,0,0,16750
4,0,2,16750
1,0,2,16752
1,1,0,16754
2,0,0,16754
3,0,0,16754
4,0,2,16754
1,0,0,16756
2,0,0,16756
3,0,0,16756
4,0,0,16756
5,0,2,16756
1,0,2,16758
1,1,0,16760
2,0,0,16760
3,0,0,16760
4,0,2,16760
1,0,0,16762
2,0,0,16762
3,1,2,16762
1,0,0,16764
2,0,2,16764
1,0,0,16766
2,0,0,16766
3,0,0,16766
4,0,0,16766
5,0,10,16766
5,0,2,16776
1,0,0,16778
2,0,0,16778
3,0,2,16778
1,0,2,16780
1,0,0,16782
2,0,2,16782
1,0,2,16784
1,0,0,16786
2,0,0,16786
3,0,0,16786
4,0,2,16786
1,0,0,16788
2,0,0,16788
3,0,0,16788
4,0,0,16788
5,0,10,16788
5,0,10,16798
5,0,2,16808
1,0,0,16810
2,0,2,16810
1,1,2,16812
1,0,0,16814
2,0,0,16814
3,0,0,16814
4,1,0,16814
5,0,10,16814
5,0,10,16824
5,0,10,16834
5,0,10,16844
5,0,10,16854
5,0,2,16864
1,0,0,16866
2,0,0,16866
3,0,0,16866
4,0,0,16866
5,0,10,16866
5,0,2,16876
1,0,0,16878
2,0,2,16878
1,1,2,16880
1,0,0,16882
2,0,2,16882
1,0,2,16884
1,1,2,16886
1,0,0,16888
2,0,0,16888
3,1,2,16888
1,0,0,16890
2,0,2,16890
1,0,0,16892
2,0,0,16892
3,1,2,16892
1,1,2,16894
1,1,0,16896
2,0,0,16896
3,0,0,16896
4,0,2,16896
1,0,0,16898
2,0,0,16898
3,0,0,16898
4,0,0,16898
5,0,10,16898
5,0,2,16908
1,0,0,16910
2,0,0,16910
3,0,2,16910
1,0,0,16912
2,0,0,16912
3,0,0,16912
4,1,0,16912
5,0,10,16912
5,0,2,16922
1,1,2,16924
1,0,0,16926
2,1,0,16926
3,1,2,16926
1,0,0,16928
2,0,0,16928
3,0,0,16928
4,0,0,16928
5,0,10,16928
5,0,10,16938
5,0,10,16948
5,0,10,16958
5,0,10,16968
5,0,10,16978
5,0,10,16988
5,0,2,16998
1,0,0,17000
2,0,2,17000
1,0,0,17002
2,0,0,17002
3,0,0,17002
4,0,0,17002
5,0,10,17002
5,1,2,17012
1,0,0,17014
2,0,2,17014
1,0,0,17016
2,1,0,17016
3,0,0,17016
4,0,0,17016
5,0,2,17016
1,0,2,17018
1,0,0,17020
2,0,0,17020
3,0,0,17020
4,0,0,17020
5,0,10,17020
5,0,10,17030
5,0,10,17040
5,0,10,17050
5,0,10,17060
5,0,10,17070
5,0,10,17080
5,0,10,17090
5,1,2,17100
1,0,0,17102
2,0,0,17102
3,0,0,17102
4,0,0,17102
5,0,10,17102
5,0,10,17112
5,0,10,17122
5,0,10,17132
5,0,10,17142
5,0,2,17152
1,0,0,17154
2,0,0,17154
3,0,0,17154
4,0,0,17154
5,0,10,17154
5,1,2,17164
1,0,0,17166
2,0,0,17166
3,0,2,17166
1,0,0,17168
2,0,0,17168
3,0,0,17168
4,1,2,17168
1,0,2,17170
1,1,2,17172
1,0,0,17174
2,0,2,17174
1,0,0,17176
2,0,0,17176
3,0,2,17176
1,0,0,17178
2,1,0,17178
3,0,0,17178
4,0,0,17178
5,0,10,17178
5,0,10,17188
5,0,10,17198
5,0,10,17208
5,0,10,17218
5,0,10,17228
5,0,10,17238
5,0,10,17248
5,1,2,17258
1,0,0,17260
2,1,2,17260
1,0,0,17262
2,0,0,17262
3,0,0,17262
4,0,2,17262
1,0,2,17264
1,1,2,17266
1,0,0,17268
2,0,0,17268
3,0,0,17268
4,0,0,17268
5,0,10,17268
5,0,2,17278
1,0,0,17280
2,0,0,17280
3,0,0,17280
4,1,0,17280
5,0,2,17280
1,0,0,17282
2,1,2,17282
1,0,0,17284
2,0,0,17284
3,0,0,17284
4,0,0,17284
5,0,10,17284
5,1,2,17294
1,0,0,17296
2,1,2,17296
1,0,0,17298
2,1,2,17298
1,1,2,17300
1,0,0,17302
2,0,0,17302
3,1,2,17302
1,0,2,17304
1,0,0,17306
2,0,0,17306
3,0,0,17306
4,0,2,17306
1,0,0,17308
2,0,0,17308
3,0,0,17308
4,0,2,17308
1,0,0,17310
2,0,0,17310
3,0,0,17310
4,0,0,17310
5,0,10,17310
5,0,2,17320
1,0,0,17322
2,0,0,17322
3,0,0,17322
4,0,2,17322
1,0,0,17324
2,0,2,17324
1,0,0,17326
2,0,0,17326
3,0,0,17326
4,0,0,17326
5,0,10,17326
5,0,10,17336
5,0,10,17346
5,0,10,17356
5,0,10,17366
5,0,10,17376
5,0,2,17386
1,0,2,17388
1,0,0,17390
2,0,0,17390
3,0,0,17390
4,0,0,17390
5,0,10,17390
5,0,10,17400
5,0,10,17410
5,0,10,17420
5,0,10,17430
5,0,10,17440
5,0,10,17450
5,0,10,17460
5,0,10,17470
5,0,10,17480
5,0,10,17490
5,0,10,17500
5,0,2,17510
1,0,0,17512
2,0,0,17512
3,0,0,17512
4,0,2,17512
1,0,0,17514
2,0,2,17514
1,0,0,17516
2,0,0,17516
3,0,0,17516
4,0,2,17516
1,0,2,17518
1,0,0,17520
2,0,0,17520
3,0,0,17520
4,0,0,17520
5,0,10,17520
5,0,10,17530
5,0,10,17540
5,0,10,17550
5,0,10,17560
5,0,2,17570
1,0,0,17572
2,0,0,17572
3,0,2,17572
1,0,0,17574
2,0,0,17574
3,1,2,17574
1,0,0,17576
2,0,2,17576
1,0,2,17578
1,1,2,17580
1,0,0,17582
2,0,2,17582
1,0,0,17584
2,0,0,17584
3,0,0,17584
4,0,0,17584
5,0,10,17584
5,1,2,17594
1,0,0,17596
2,0,0,17596
3,0,0,17596
4,0,0,17596
5,0,10,17596
5,0,10,17606
5,0,2,17616
1,0,0,17618
2,1,2,17618
1,0,0,17620
2,1,2,17620
1,0,2,17622
1,0,0,17624
2,0,0,17624
3,0,0,17624
4,0,0,17624
5,0,10,17624
5,0,10,17634
5,0,10,17644
5,0,10,17654
5,0,10,17664
5,0,2,17674
1,0,0,17676
2,0,2,17676
1,0,0,17678
2,0,0,17678
3,0,2,17678
1,0,0,17680
2,0,0,17680
3,0,0,17680
4,1,0,17680
5,0,10,17680
5,0,10,17690
5,0,10,17700
5,0,10,17710
5,0,10,17720
5,0,2,17730
1,0,0,17732
2,0,0,17732
3,0,0,17732
4,0,2,17732
1,0,0,17734
2,0,0,17734
3,0,0,17734
4,0,2,17734
1,1,0,17736
2,0,0,17736
3,0,0,17736
4,0,0,17736
5,0,10,17736
5,0,10,17746
5,0,10,17756
5,0,10,17766
5,0,10,17776
5,0,10,17786
5,0,10,17796
5,0,10,17806
5,0,10,17816
5,0,10,17826
5,0,10,17836
5,0,2,17846
1,0,2,17848
1,0,0,17850
2,0,0,17850
3,0,0,17850
4,0,2,17850
1,0,0,17852
2,0,0,17852
3,0,0,17852
4,0,2,17852
1,0,0,17854
2,0,0,17854
3,0,0,17854
4,0,0,17854
5,0,10,17854
5,0,10,17864
5,0,10,17874
5,1,2,17884
1,0,2,17886
1,0,0,17888
2,0,0,17888
3,0,0,17888
4,0,0,17888
5,0,10,17888
5,0,10,17898
5,1,2,17908
1,0,0,17910
2,1,2,17910
1,0,2,17912
1,1,2,17914
1,0,0,17916
2,0,0,17916
3,0,0,17916
4,0,0,17916
5,0,10,17916
5,0,10,17926
5,0,10,17936
5,0,10,17946
5,0,2,17956
1,1,2,17958
1,0,0,17960
2,0,0,17960
3,0,0,17960
4,0,0,17960
5,0,2,17960
1,0,0,17962
2,0,0,17962
3,0,2,17962
1,0,0,17964
2,0,0,17964
3,0,2,17964
1,0,0,17966
2,0,0,17966
3,1,2,17966
1,0,0,17968
2,0,0,17968
3,1,0,17968
4,0,0,17968
5,1,2,17968
1,0,2,17970
1,0,0,17972
2,0,2,17972
1,0,0,17974
2,0,2,17974
1,0,0,17976
2,0,0,17976
3,0,0,17976
4,0,0,17976
5,0,10,17976
5,1,2,17986
1,1,2,17988
1,1,2,17990
1,0,0,17992
2,1,0,17992
3,0,0,17992
4,0,0,17992
5,0,10,17992
5,0,2,18002
1,0,2,18004
1,1,0,18006
2,0,2,18006
1,0,0,18008
2,0,2,18008
1,0,0,18010
2,0,2,18010
1,0,0,18012
2,0,0,18012
3,0,0,18012
4,0,0,18012
5,1,2,18012
1,0,2,18014
1,0,0,18016
2,0,0,18016
3,0,2,18016
1,1,2,18018
1,0,0,18020
2,0,0,18020
3,0,0,18020
4,0,0,18020
5,0,2,18020
1,0,2,18022
1,0,0,18024
2,0,0,18024
3,0,0,18024
4,0,0,18024
5,0,10,18024
5,0,2,18034
1,0,0,18036
2,0,0,18036
3,0,0,18036
4,0,2,18036
1,1,2,18038
1,0,2,18040
1,1,2,18042
1,0,0,18044
2,0,0,18044
3,0,0,18044
4,0,0,18044
5,0,10,18044
5,0,10,18054
5,0,10,18064
5,0,10,18074
5,1,10,18084
5,0,2,18094
1,0,0,18096
2,0,2,18096
1,0,0,18098
2,0,0,18098
3,0,0,18098
4,0,2,18098
1,0,0,18100
2,0,2,18100
1,0,0,18102
2,0,0,18102
3,0,0,18102
4,0,0,18102
5,1,10,18102
5,0,2,18112
1,0,0,18114
2,0,0,18114
3,0,0,18114
4,0,0,18114
5,0,10,18114
5,0,10,18124
5,0,10,18134
5,0,10,18144
5,0,10,18154
5,0,2,18164
1,0,2,18166
1,0,2,18168
1,0,0,18170
2,0,0,18170
3,0,0,18170
4,0,0,18170
5,0,10,18170
5,0,10,18180
5,0,2,18190
1,0,0,18192
2,0,0,18192
3,0,0,18192
4,0,2,18192
1,0,0,18194
2,1,2,18194
1,0,0,18196
2,0,0,18196
3,0,2,18196
1,0,0,18198
2,0,0,18198
3,0,0,18198
4,0,0,18198
5,0,10,18198
5,1,2,18208
1,0,0,18210
2,0,0,18210
3,0,2,18210
1,0,0,18212
2,0,0,18212
3,1,2,18212
1,0,0,18214
2,0,2,18214
1,0,0,18216
2,0,0,18216
3,0,0,18216
4,0,0,18216
5,0,10,18216
5,0,10,18226
5,0,10,18236
5,0,2,18246
1,0,2,18248
1,0,0,18250
2,0,0,18250
3,0,0,18250
4,0,0,18250
5,0,10,18250
5,0,10,18260
5,0,10,18270
5,0,2,18280
1,0,0,18282
2,0,0,18282
3,0,2,18282
1,0,0,18284
2,0,0,18284
3,0,0,18284
4,0,0,18284
5,0,10,18284
5,0,2,18294
1,0,0,18296
2,0,0,18296
3,0,0,18296
4,0,0,18296
5,0,10,18296
5,0,10,18306
5,0,10,18316
5,0,2,18326
1,0,0,18328
2,0,0,18328
3,0,2,18328
1,0,0,18330
2,0,0,18330
3,0,2,18330
1,0,0,18332
2,0,0,18332
3,0,0,18332
4,0,0,18332
5,0,10,18332
5,0,10,18342
5,0,10,18352
5,0,10,18362
5,1,2,18372
1,0,0,18374
2,0,2,18374
1,0,2,18376
1,0,0,18378
2,0,2,18378
1,0,0,18380
2,0,2,18380
1,0,0,18382
2,0,0,18382
3,0,0,18382
4,0,2,18382
1,1,2,18384
1,0,0,18386
2,0,0,18386
3,0,0,18386
4,0,0,18386
5,0,10,18386
5,0,10,18396
5,0,10,18406
5,0,10,18416
5,0,2,18426
1,0,0,18428
2,0,0,18428
3,0,0,18428
4,0,0,18428
5,0,10,18428
5,0,2,18438
1,0,0,18440
2,0,0,18440
3,0,2,18440
1,0,0,18442
2,0,0,18442
3,0,0,18442
4,0,0,18442
5,0,2,18442
1,0,0,18444
2,0,0,18444
3,0,2,18444
1,0,0,18446
2,0,0,18446
3,0,0,18446
4,0,0,18446
5,0,10,18446
5,0,10,18456
5,0,10,18466
5,0,2,18476
1,0,0,18478
2,0,2,18478
1,0,0,18480
2,0,0,18480
3,0,0,18480
4,0,2,18480
1,0,0,18482
2,1,2,18482
1,0,2,18484
1,0,2,18486
1,1,2,18488
1,0,0,18490
2,0,0,18490
3,0,0,18490
4,0,0,18490
5,0,10,18490
5,0,10,18500
5,0,2,18510
1,1,2,18512
1,1,0,18514
2,0,0,18514
3,0,0,18514
4,0,0,18514
5,0,2,18514
1,0,0,18516
2,0,0,18516
3,0,0,18516
4,0,0,18516
5,1,2,18516
1,1,2,18518
1,0,0,18520
2,0,0,18520
3,0,0,18520
4,0,0,18520
5,0,10,18520
5,0,2,18530
1,0,0,18532
2,0,2,18532
1,0,0,18534
2,0,0,18534
3,1,2,18534
1,1,2,18536
1,0,0,18538
2,0,0,18538
3,0,0,18538
4,0,0,18538
5,0,10,18538
5,1,2,18548
1,0,0,18550
2,0,0,18550
3,0,0,18550
4,1,2,18550
1,0,0,18552
2,0,0,18552
3,0,0,18552
4,0,2,18552
1,0,0,18554
2,0,0,18554
3,0,0,18554
4,0,0,18554
5,1,2,18554
1,0,0,18556
2,0,2,18556
1,0,2,18558
1,0,0,18560
2,0,0,18560
3,0,0,18560
4,0,2,18560
1,0,0,18562
2,0,2,18562
1,1,2,18564
1,0,0,18566
2,0,0,18566
3,0,0,18566
4,0,0,18566
5,0,10,18566
5,0,10,18576
5,0,10,18586
5,0,10,18596
5,0,10,18606
5,0,10,18616
5,0,10,18626
5,1,10,18636
5,1,2,18646
1,0,0,18648
2,0,2,18648
1,0,0,18650
2,1,0,18650
3,0,0,18650
4,0,0,18650
5,0,10,18650
5,0,10,18660
5,0,10,18670
5,0,10,18680
5,0,10,18690
5,0,10,18700
5,0,10,18710
5,0,10,18720
5,0,10,18730
5,1,2,18740
1,0,2,18742
1,0,0,18744
2,0,0,18744
3,0,0,18744
4,0,0,18744
5,0,10,18744
5,0,2,18754
1,0,0,18756
2,0,0,18756
3,0,0,18756
4,0,0,18756
5,0,10,18756
5,0,2,18766
1,0,0,18768
2,0,0,18768
3,0,0,18768
4,0,0,18768
5,0,2,18768
1,0,2,18770
1,0,0,18772
2,0,0,18772
3,1,2,18772
1,0,0,18774
2,0,0,18774
3,0,0,18774
4,0,0,18774
5,1,2,18774
1,0,0,18776
2,0,0,18776
3,0,0,18776
4,0,0,18776
5,0,10,18776
5,0,10,18786
5,0,10,18796
5,0,10,18806
5,0,10,18816
5,0,10,18826
5,0,2,18836
1,0,0,18838
2,0,0,18838
3,1,0,18838
4,0,0,18838
5,0,10,18838
5,0,10,18848
5,0,10,18858
5,0,10,18868
5,0,10,18878
5,0,10,18888
5,0,2,18898
1,0,0,18900
2,0,0,18900
3,0,0,18900
4,0,0,18900
5,1,2,18900
1,0,0,18902
2,0,0,18902
3,0,0,18902
4,0,0,18902
5,0,10,18902
5,0,10,18912
5,1,2,18922
1,0,0,18924
2,0,0,18924
3,1,0,18924
4,0,0,18924
5,1,2,18924
1,0,0,18926
2,0,0,18926
3,0,2,18926
1,0,0,18928
2,0,2,18928
1,0,0,18930
2,0,0,18930
3,0,2,18930
1,0,2,18932
1,0,0,18934
2,0,2,18934
1,0,0,18936
2,0,0,18936
3,0,0,18936
4,0,0,18936
5,0,10,18936
5,1,2,18946
1,0,0,18948
2,0,0,18948
3,0,0,18948
4,0,0,18948
5,0,10,18948
5,0,10,18958
5,0,10,18968
5,0,10,18978
5,0,10,18988
5,0,10,18998
5,0,10,19008
5,0,10,19018
5,0,10,19028
5,0,10,19038
5,0,10,19048
5,0,2,19058
1,0,0,19060
2,0,2,19060
1,0,0,19062
2,0,0,19062
3,0,0,19062
4,0,2,19062
1,0,0,19064
2,1,0,19064
3,0,0,19064
4,0,0,19064
5,0,10,19064
5,0,10,19074
5,0,10,19084
5,0,10,19094
5,0,10,19104
5,0,2,19114
1,0,0,19116
2,1,2,19116
1,0,0,19118
2,0,0,19118
3,0,0,19118
4,0,0,19118
5,1,2,19118
1,0,0,19120
2,0,0,19120
3,0,0,19120
4,0,0,19120
5,0,10,19120
5,0,10,19130
5,0,10,19140
5,0,10,19150
5,0,10,19160
5,0,2,19170
1,0,0,19172
2,1,0,19172
3,0,0,19172
4,0,0,19172
5,0,10,19172
5,0,10,19182
5,0,10,19192
5,0,10,19202
5,0,10,19212
5,1,2,19222
1,0,0,19224
2,0,0,19224
3,0,2,19224
1,0,0,19226
2,0,0,19226
3,0,2,19226
1,0,0,19228
2,0,0,19228
3,0,0,19228
4,0,0,19228
5,0,2,19228
1,0,0,19230
2,0,0,19230
3,0,0,19230
4,0,0,19230
5,0,10,19230
5,0,10,19240
5,0,2,19250
1,0,0,19252
2,0,0,19252
3,0,0,19252
4,0,0,19252
5,1,2,19252
1,0,2,19254
1,0,0,19256
2,0,2,19256
1,0,0,19258
2,0,0,19258
3,0,0,19258
4,1,2,19258
1,0,2,19260
1,1,0,19262
2,0,0,19262
3,0,0,19262
4,0,0,19262
5,1,2,19262
1,0,0,19264
2,0,0,19264
3,0,0,19264
4,0,0,19264
5,0,10,19264
5,0,10,19274
5,0,10,19284
5,0,10,19294
5,0,2,19304
1,0,0,19306
2,0,0,19306
3,0,2,19306
1,1,2,19308
1,1,2,19310
1,0,2,19312
1,0,0,19314
2,0,0,19314
3,0,0,19314
4,0,0,19314
5,0,2,19314
1,0,2,19316
1,0,0,19318
2,0,0,19318
3,0,0,19318
4,0,0,19318
5,0,10,19318
5,0,10,19328
5,0,10,19338
5,0,10,19348
5,0,10,19358
5,0,10,19368
5,0,2,19378
1,0,2,19380
1,0,0,19382
2,0,0,19382
3,0,2,19382
1,0,0,19384
2,0,0,19384
3,0,0,19384
4,0,0,19384
5,0,2,19384
1,1,2,19386
1,0,2,19388
1,0,0,19390
2,0,0,19390
3,0,2,19390
1,0,0,19392
2,0,2,19392
1,0,2,19394
1,1,2,19396
1,0,0,19398
2,1,0,19398
3,0,2,19398
1,0,0,19400
2,0,0,19400
3,0,0,19400
4,0,2,19400
1,0,0,19402
2,0,0,19402
3,0,0,19402
4,0,0,19402
5,0,10,19402
5,0,10,19412
5,0,10,19422
5,0,10,19432
5,0,10,19442
5,0,10,19452
5,0,10,19462
5,0,10,19472
5,0,10,19482
5,0,10,19492
5,0,10,19502
5,0,10,19512
5,0,10,19522
5,0,10,19532
5,0,10,19542
5,0,10,19552
5,0,10,19562
5,0,10,19572
5,0,10,19582
5,0,2,19592
1,0,0,19594
2,0,0,19594
3,0,0,19594
4,1,2,19594
1,0,0,19596
2,1,2,19596
1,0,2,19598
1,1,2,19600
1,0,0,19602
2,0,0,19602
3,0,2,19602
1,0,2,19604
1,0,0,19606
2,0,0,19606
3,0,0,19606
4,1,2,19606
1,0,0,19608
2,1,2,19608
1,0,0,19610
2,0,0,19610
3,0,2,19610
1,0,0,19612
2,0,0,19612
3,0,2,19612
1,1,2,19614
1,0,2,19616
1,0,0,19618
2,0,2,19618
1,0,0,19620
2,0,0,19620
3,0,0,19620
4,0,0,19620
5,0,10,19620
5,0,2,19630
1,0,0,19632
2,0,0,19632
3,0,0,19632
4,0,2,19632
1,0,0,19634
2,0,0,19634
3,0,2,19634
1,0,0,19636
2,0,2,19636
1,0,0,19638
2,0,2,19638
1,0,0,19640
2,0,2,19640
1,0,2,19642
1,0,0,19644
2,0,0,19644
3,0,0,19644
4,0,0,19644
5,0,10,19644
5,1,2,19654
1,0,2,19656
1,1,0,19658
2,1,2,19658
1,1,2,19660
1,0,2,19662
1,0,0,19664
2,1,0,19664
3,1,2,19664
1,0,2,19666
1,0,0,19668
2,0,0,19668
3,0,0,19668
4,0,0,19668
5,0,10,19668
5,0,10,19678
5,0,10,19688
5,1,2,19698
1,0,0,19700
2,0,2,19700
1,0,0,19702
2,0,0,19702
3,0,0,19702
4,0,0,19702
5,0,10,19702
5,0,10,19712
5,0,10,19722
5,0,2,19732
1,0,0,19734
2,0,2,19734
1,0,0,19736
2,0,0,19736
3,0,0,19736
4,0,0,19736
5,0,10,19736
5,1,2,19746
1,0,2,19748
1,1,2,19750
1,1,0,19752
2,0,0,19752
3,0,0,19752
4,0,0,19752
5,1,2,19752
1,1,2,19754
1,0,0,19756
2,0,2,19756
1,0,0,19758
2,0,2,19758
1,1,0,19760
2,0,0,19760
3,0,0,19760
4,0,0,19760
5,0,2,19760
1,0,2,19762
1,0,0,19764
2,0,0,19764
3,0,0,19764
4,0,0,19764
5,0,10,19764
5,0,10,19774
5,0,2,19784
1,0,0,19786
2,0,0,19786
3,0,0,19786
4,0,2,19786
1,0,0,19788
2,0,0,19788
3,0,0,19788
4,0,0,19788
5,0,10,19788
5,0,10,19798
5,0,10,19808
5,0,10,19818
5,0,2,19828
1,0,0,19830
2,0,2,19830
1,1,0,19832
2,0,0,19832
3,0,0,19832
4,0,0,19832
5,1,2,19832
1,0,0,19834
2,0,0,19834
3,0,2,19834
1,0,0,19836
2,0,0,19836
3,0,0,19836
4,0,0,19836
5,0,10,19836
5,0,10,19846
5,0,10,19856
5,0,2,19866
1,1,0,19868
2,0,0,19868
3,0,0,19868
4,0,2,19868
1,0,0,19870
2,0,0,19870
3,0,0,19870
4,0,0,19870
5,0,10,19870
5,1,2,19880
1,0,2,19882
1,1,2,19884
1,0,0,19886
2,0,0,19886
3,0,0,19886
4,0,2,19886
1,0,0,19888
2,0,0,19888
3,0,0,19888
4,0,2,19888
1,0,2,19890
1,0,0,19892
2,0,0,19892
3,0,0,19892
4,0,0,19892
5,0,10,19892
5,1,2,19902
1,0,0,19904
2,0,2,19904
1,0,0,19906
2,0,0,19906
3,0,0,19906
4,0,0,19906
5,0,10,19906
5,0,2,19916
1,0,0,19918
2,0,0,19918
3,0,0,19918
4,0,0,19918
5,0,10,19918
5,0,10,19928
5,0,10,19938
5,0,10,19948
5,0,10,19958
5,0,10,19968
5,0,10,19978
5,0,10,19988
5,0,2,19998
1,0,0,20000
2,0,0,20000
3,0,0,20000
4,1,2,20000
1,0,0,20002
2,0,0,20002
3,0,0,20002
4,0,0,20002
5,0,10,20002
5,0,10,20012
5,0,10,20022
5,0,10,20032
5,0,10,20042
5,0,2,20052
1,0,2,20054
1,1,2,20056
1,0,2,20058
1,1,2,20060
1,1,2,20062
1,0,0,20064
2,0,0,20064
3,0,2,20064
1,0,0,20066
2,0,0,20066
3,0,0,20066
4,0,0,20066
5,0,10,20066
5,0,2,20076
1,0,0,20078
2,0,0,20078
3,0,0,20078
4,0,0,20078
5,1,2,20078
1,0,2,20080
1,1,2,20082
1,1,0,20084
2,0,0,20084
3,1,0,20084
4,0,0,20084
5,0,10,20084
5,0,2,20094
1,0,0,20096
2,0,0,20096
3,0,2,20096
1,0,2,20098
1,0,0,20100
2,0,0,20100
3,0,0,20100
4,0,0,20100
5,0,10,20100
5,0,2,20110
1,0,2,20112
1,1,0,20114
2,0,0,20114
3,0,0,20114
4,1,2,20114
1,0,0,20116
2,0,0,20116
3,0,0,20116
4,0,2,20116
1,1,2,20118
1,0,0,20120
2,0,2,20120
1,0,0,20122
2,0,2,20122
1,0,0,20124
2,0,0,20124
3,0,0,20124
4,0,0,20124
5,1,10,20124
5,0,10,20134
5,0,10,20144
5,0,10,20154
5,0,10,20164
5,0,10,20174
5,0,2,20184
1,1,2,20186
1,0,0,20188
2,0,0,20188
3,1,2,20188
1,0,2,20190
1,0,2,20192
1,0,0,20194
2,0,2,20194
1,0,0,20196
2,0,0,20196
3,0,0,20196
4,0,0,20196
5,0,10,20196
5,0,10,20206
5,0,10,20216
5,0,2,20226
1,0,0,20228
2,0,0,20228
3,0,0,20228
4,0,0,20228
5,0,10,20228
5,0,2,20238
1,1,2,20240
1,0,0,20242
2,0,2,20242
1,0,2,20244
1,0,0,20246
2,0,0,20246
3,0,2,20246
1,0,0,20248
2,0,0,20248
3,0,0,20248
4,0,0,20248
5,1,10,20248
5,0,10,20258
5,0,2,20268
1,0,0,20270
2,0,0,20270
3,0,0,20270
4,0,2,20270
1,0,0,20272
2,0,0,20272
3,1,2,20272
1,0,2,20274
1,0,0,20276
2,0,0,20276
3,0,0,20276
4,0,0,20276
5,0,10,20276
5,0,10,20286
5,0,10,20296
5,1,2,20306
1,0,0,20308
2,0,0,20308
3,0,0,20308
4,0,0,20308
5,0,10,20308
5,0,10,20318
5,0,10,20328
5,0,10,20338
5,0,10,20348
5,0,10,20358
5,0,2,20368
1,0,0,20370
2,0,2,20370
1,1,2,20372
1,0,2,20374
1,1,2,20376
1,0,0,20378
2,0,0,20378
3,0,0,20378
4,0,0,20378
5,0,10,20378
5,0,2,20388
1,0,0,20390
2,0,0,20390
3,0,0,20390
4,0,2,20390
1,0,0,20392
2,0,2,20392
1,0,0,20394
2,0,0,20394
3,0,2,20394
1,0,0,20396
2,0,0,20396
3,1,2,20396
1,0,2,20398
1,0,0,20400
2,0,0,20400
3,0,0,20400
4,0,0,20400
5,0,10,20400
5,0,10,20410
5,0,10,20420
5,0,10,20430
5,0,10,20440
5,0,10,20450
5,1,2,20460
1,0,0,20462
2,0,0,20462
3,1,2,20462
1,0,0,20464
2,0,0,20464
3,0,0,20464
4,0,2,20464
1,0,0,20466
2,0,2,20466
1,0,0,20468
2,0,0,20468
3,0,2,20468
1,0,0,20470
2,1,2,20470
1,0,2,20472
1,0,0,20474
2,0,2,20474
1,0,0,20476
2,0,0,20476
3,0,0,20476
4,0,0,20476
5,0,10,20476
5,0,10,20486
5,0,10,20496
5,0,10,20506
5,0,10,20516
5,0,10,20526
5,0,2,20536
1,0,0,20538
2,0,0,20538
3,0,0,20538
4,0,0,20538
5,0,10,20538
5,0,10,20548
5,0,10,20558
5,0,10,20568
5,0,10,20578
5,0,2,20588
1,1,2,20590
1,0,2,20592
1,0,0,20594
2,0,2,20594
1,0,2,20596
1,0,0,20598
2,0,0,20598
3,0,0,20598
4,0,0,20598
5,0,2,20598
1,0,0,20600
2,0,0,20600
3,0,0,20600
4,0,0,20600
5,0,10,20600
5,0,10,20610
5,0,10,20620
5,0,10,20630
5,0,10,20640
5,0,10,20650
5,0,10,20660
5,0,10,20670
5,1,2,20680
1,0,0,20682
2,0,2,20682
1,0,2,20684
1,0,0,20686
2,0,0,20686
3,1,2,20686
1,0,0,20688
2,1,2,20688
1,0,0,20690
2,0,0,20690
3,0,0,20690
4,0,0,20690
5,0,10,20690
5,0,10,20700
5,0,2,20710
1,0,0,20712
2,0,0,20712
3,0,0,20712
4,0,0,20712
5,0,2,20712
1,1,2,20714
1,0,0,20716
2,0,0,20716
3,0,0,20716
4,0,0,20716
5,0,2,20716
1,0,0,20718
2,0,0,20718
3,0,2,20718
1,0,0,20720
2,0,0,20720
3,0,0,20720
4,0,0,20720
5,0,10,20720
5,1,2,20730
1,0,0,20732
2,0,0,20732
3,0,0,20732
4,0,0,20732
5,0,10,20732
5,0,10,20742
5,0,10,20752
5,0,10,20762
5,0,10,20772
5,0,10,20782
5,0,10,20792
5,0,10,20802
5,0,10,20812
5,0,2,20822
1,0,0,20824
2,0,0,20824
3,0,0,20824
4,0,0,20824
5,0,10,20824
5,0,10,20834
5,0,10,20844
5,1,2,20854
1,0,2,20856
1,0,2,20858
1,0,2,20860
1,0,0,20862
2,0,0,20862
3,0,0,20862
4,0,0,20862
5,0,10,20862
5,0,10,20872
5,0,10,20882
5,0,10,20892
5,0,2,20902
1,0,0,20904
2,0,2,20904
1,0,2,20906
1,0,0,20908
2,0,0,20908
3,1,0,20908
4,0,0,20908
5,0,10,20908
5,1,2,20918
1,0,2,20920
1,0,0,20922
2,1,2,20922
1,1,2,20924
1,0,0,20926
2,0,0,20926
3,0,2,20926
1,0,0,20928
2,0,0,20928
3,0,0,20928
4,1,0,20928
5,1,2,20928
1,0,0,20930
2,0,0,20930
3,0,0,20930
4,1,2,20930
1,0,2,20932
1,0,0,20934
2,0,0,20934
3,0,0,20934
4,0,0,20934
5,0,10,20934
5,0,10,20944
5,0,10,20954
5,0,10,20964
5,1,2,20974
1,0,0,20976
2,0,0,20976
3,1,2,20976
1,0,0,20978
2,0,0,20978
3,0,0,20978
4,0,0,20978
5,0,2,20978
1,1,2,20980
1,1,2,20982
1,0,0,20984
2,0,0,20984
3,0,0,20984
4,0,0,20984
5,0,10,20984
5,0,10,20994
5,0,10,21004
5,0,10,21014
5,0,10,21024
5,0,10,21034
5,0,10,21044
5,0,2,21054
1,1,2,21056
1,0,0,21058
2,0,0,21058
3,0,0,21058
4,0,0,21058
5,0,10,21058
5,0,10,21068
5,0,10,21078
5,0,10,21088
5,0,10,21098
5,0,10,21108
5,0,10,21118
5,0,10,21128
5,0,10,21138
5,0,10,21148
5,1,2,21158
1,0,0,21160
2,0,2,21160
1,0,0,21162
2,0,0,21162
3,0,0,21162
4,1,2,21162
1,0,0,21164
2,1,2,21164
1,0,0,21166
2,0,2,21166
1,0,2,21168
1,0,2,21170
1,1,2,21172
1,1,2,21174
1,0,0,21176
2,0,0,21176
3,0,2,21176
1,0,0,21178
2,0,0,21178
3,0,2,21178
1,0,0,21180
2,0,2,21180
1,0,0,21182
2,1,2,21182
1,0,2,21184
1,1,0,21186
2,0,0,21186
3,0,0,21186
4,0,2,21186
1,1,0,21188
2,1,2,21188
1,0,0,21190
2,0,0,21190
3,1,2,21190
1,0,0,21192
2,0,2,21192
1,0,0,21194
2,0,2,21194
1,1,2,21196
1,0,0,21198
2,0,2,21198
1,0,0,21200
2,0,0,21200
3,0,0,21200
4,0,0,21200
5,0,10,21200
5,0,10,21210
5,1,2,21220
1,0,0,21222
2,0,0,21222
3,0,0,21222
4,0,0,21222
5,1,2,21222
1,0,0,21224
2,0,0,21224
3,0,2,21224
1,0,2,21226
1,1,2,21228
1,0,0,21230
2,0,0,21230
3,0,0,21230
4,0,0,21230
5,1,2,21230
1,1,2,21232
1,0,2,21234
1,0,0,21236
2,0,0,21236
3,0,2,21236
1,1,2,21238
1,0,0,21240
2,0,0,21240
3,0,0,21240
4,0,0,21240
5,0,2,21240
1,0,0,21242
2,0,0,21242
3,0,0,21242
4,0,0,21242
5,0,10,21242
5,1,10,21252
5,0,10,21262
5,0,10,21272
5,0,2,21282
1,0,0,21284
2,0,2,21284
1,0,0,21286
2,1,2,21286
1,0,0,21288
2,1,0,21288
3,0,0,21288
4,0,0,21288
5,0,10,21288
5,0,10,21298
5,0,10,21308
5,0,2,21318
1,0,0,21320
2,0,0,21320
3,0,0,21320
4,0,0,21320
5,0,10,21320
5,1,2,21330
1,0,2,21332
1,1,0,21334
2,1,0,21334
3,0,0,21334
4,0,0,21334
5,0,10,21334
5,0,10,21344
5,0,10,21354
5,0,2,21364
1,0,0,21366
2,0,0,21366
3,0,2,21366
1,0,0,21368
2,1,2,21368
1,0,0,21370
2,0,0,21370
3,0,0,21370
4,0,0,21370
5,0,10,21370
5,0,10,21380
5,1,2,21390
1,0,2,21392
1,0,2,21394
1,1,2,21396
1,0,2,21398
1,0,0,21400
2,0,0,21400
3,0,0,21400
4,1,2,21400
1,0,0,21402
2,0,0,21402
3,0,0,21402
4,0,0,21402
5,0,10,21402
5,0,10,21412
5,0,2,21422
1,0,0,21424
2,0,0,21424
3,0,0,21424
4,0,0,21424
5,0,10,21424
5,0,10,21434
5,0,10,21444
5,1,2,21454
1,0,0,21456
2,1,2,21456
1,0,0,21458
2,0,2,21458
1,0,0,21460
2,0,0,21460
3,0,0,21460
4,0,0,21460
5,0,10,21460
5,0,10,21470
5,1,2,21480
1,0,0,21482
